--
-- PostgreSQL database dump
--

-- Dumped from database version 9.5.9
-- Dumped by pg_dump version 9.6.2

-- Started on 2017-10-25 23:14:06

SET statement_timeout = 0;
SET lock_timeout = 0;
SET idle_in_transaction_session_timeout = 0;
SET client_encoding = 'UTF8';
SET standard_conforming_strings = on;
SET check_function_bodies = false;
SET client_min_messages = warning;
SET row_security = off;

SET search_path = "public", pg_catalog;

--
-- TOC entry 2183 (class 0 OID 86225)
-- Dependencies: 183
-- Data for Name: rooms; Type: TABLE DATA; Schema: public; Owner: postgres
--

INSERT INTO "rooms" ("id_room", "name") VALUES (1, 'Комната1');
INSERT INTO "rooms" ("id_room", "name") VALUES (2, 'Комната2');
INSERT INTO "rooms" ("id_room", "name") VALUES (3, 'Комната3');
INSERT INTO "rooms" ("id_room", "name") VALUES (4, 'Комната4');
INSERT INTO "rooms" ("id_room", "name") VALUES (5, 'Комната5');
INSERT INTO "rooms" ("id_room", "name") VALUES (7, 'Бойлерная');
INSERT INTO "rooms" ("id_room", "name") VALUES (6, 'Гараж');


--
-- TOC entry 2192 (class 0 OID 0)
-- Dependencies: 182
-- Name: rooms_id_room_seq; Type: SEQUENCE SET; Schema: public; Owner: postgres
--

SELECT pg_catalog.setval('"rooms_id_room_seq"', 7, true);


--
-- TOC entry 2184 (class 0 OID 86245)
-- Dependencies: 184
-- Data for Name: sensors; Type: TABLE DATA; Schema: public; Owner: postgres
--

INSERT INTO "sensors" ("id_sensor", "ip", "name", "room_id") VALUES ('1dac2c9f-7b23-4983-ac74-9d67a8ff85a6', '192.168.10.19', 'Температура4', 4);
INSERT INTO "sensors" ("id_sensor", "ip", "name", "room_id") VALUES ('21c35b14-aef8-4c13-9794-4c47c02b4fdc', '192.168.10.11', 'Радиатор1', 1);
INSERT INTO "sensors" ("id_sensor", "ip", "name", "room_id") VALUES ('07178a4b-eded-48a1-a539-9a9bd2751982', '192.168.10.12', 'Кондиционер1', 1);
INSERT INTO "sensors" ("id_sensor", "ip", "name", "room_id") VALUES ('cdd8100d-634d-43d7-924a-3d6b40f4163b', '192.168.10.13', 'Температура2', 2);
INSERT INTO "sensors" ("id_sensor", "ip", "name", "room_id") VALUES ('9fa98cad-9674-41ce-b5a5-5fa6b7b3efb2', '192.168.10.14', 'Радиатор2', 2);
INSERT INTO "sensors" ("id_sensor", "ip", "name", "room_id") VALUES ('2443cf32-fbd3-4d54-bb61-f6602c5794ae', '192.168.10.10', 'Температура1', 1);
INSERT INTO "sensors" ("id_sensor", "ip", "name", "room_id") VALUES ('a5a85007-0282-4b2d-a6fa-494f406aa250', '192.168.10.16', 'Температура3', 3);
INSERT INTO "sensors" ("id_sensor", "ip", "name", "room_id") VALUES ('98ca1984-2558-48f7-b4ef-f645e9cfc057', '192.168.10.21', 'Кондиционер4', 4);
INSERT INTO "sensors" ("id_sensor", "ip", "name", "room_id") VALUES ('1cf99638-11e3-475c-b868-8b70219d2a16', '192.168.10.20', 'Радиатор4', 4);
INSERT INTO "sensors" ("id_sensor", "ip", "name", "room_id") VALUES ('82bcc405-1d52-41d2-9a65-d92d2a5b42a5', '192.168.10.18', 'Кондиционер3', 3);
INSERT INTO "sensors" ("id_sensor", "ip", "name", "room_id") VALUES ('d0e51bd3-4a1c-444e-80af-d11dd09f74dd', '192.168.10.17', 'Радиатор3', 3);
INSERT INTO "sensors" ("id_sensor", "ip", "name", "room_id") VALUES ('c41195ba-10ba-4fb6-a279-167acb2ebe55', '192.168.10.24', 'Кондиционер5', 5);
INSERT INTO "sensors" ("id_sensor", "ip", "name", "room_id") VALUES ('063b9ca1-4a0d-497a-88c1-2f9fc7964c16', '192.168.10.22', 'Температура5', 5);
INSERT INTO "sensors" ("id_sensor", "ip", "name", "room_id") VALUES ('b3924cff-1c7d-491b-bcc1-1498c026d2f5', '192.168.10.15', 'Кондиционер2', 2);
INSERT INTO "sensors" ("id_sensor", "ip", "name", "room_id") VALUES ('2b68bf4f-0c01-4622-9ff7-d80d495c3db2', '192.168.10.23', 'Радиатор5', 5);
INSERT INTO "sensors" ("id_sensor", "ip", "name", "room_id") VALUES ('8077ece9-e404-47a1-ba7f-9188e421b6a2', '192.168.10.28', 'Газовый вентиль', 7);
INSERT INTO "sensors" ("id_sensor", "ip", "name", "room_id") VALUES ('8f4fdded-1e6e-4100-a8ab-9456a1a6ca5e', '192.168.10.29', 'Движение1', 1);
INSERT INTO "sensors" ("id_sensor", "ip", "name", "room_id") VALUES ('ef78b99e-9b9c-4fb3-93ad-f78e41d26d16', '192.168.10.30', 'Движение2', 2);
INSERT INTO "sensors" ("id_sensor", "ip", "name", "room_id") VALUES ('a3ef55e8-92b8-4d88-9760-6a1054c3cde3', '192.168.10.31', 'Движение3', 3);
INSERT INTO "sensors" ("id_sensor", "ip", "name", "room_id") VALUES ('6f6f0c8b-7d3b-41a1-88a9-59e0274f3f93', '192.168.10.32', 'Движение4', 4);
INSERT INTO "sensors" ("id_sensor", "ip", "name", "room_id") VALUES ('5e7d9556-f182-4305-9b19-31dcd1765691', '192.168.10.33', 'Движение5', 5);


--
-- TOC entry 2187 (class 0 OID 86287)
-- Dependencies: 187
-- Data for Name: status_boiler; Type: TABLE DATA; Schema: public; Owner: postgres
--



--
-- TOC entry 2186 (class 0 OID 86273)
-- Dependencies: 186
-- Data for Name: status_sensors; Type: TABLE DATA; Schema: public; Owner: postgres
--

INSERT INTO "status_sensors" ("key", "sensor", "statec", "date") VALUES ('f4bbc97e-e71a-4887-b770-28ed4be99daf', '21c35b14-aef8-4c13-9794-4c47c02b4fdc', '0.5076', NULL);
INSERT INTO "status_sensors" ("key", "sensor", "statec", "date") VALUES ('c3a213fb-aa8c-41ee-9e31-d3e70de04e3c', '07178a4b-eded-48a1-a539-9a9bd2751982', '0', NULL);
INSERT INTO "status_sensors" ("key", "sensor", "statec", "date") VALUES ('50db7c06-8cf4-4cc6-9bcb-c0a1c34d347e', '21c35b14-aef8-4c13-9794-4c47c02b4fdc', '0.9349', NULL);
INSERT INTO "status_sensors" ("key", "sensor", "statec", "date") VALUES ('1708f314-6b1a-4be4-a4bc-44121f07ec82', '07178a4b-eded-48a1-a539-9a9bd2751982', '0', NULL);
INSERT INTO "status_sensors" ("key", "sensor", "statec", "date") VALUES ('9a5ff16f-3c48-45d5-9698-a71d73d502e0', '21c35b14-aef8-4c13-9794-4c47c02b4fdc', '0.9380499999999999', NULL);
INSERT INTO "status_sensors" ("key", "sensor", "statec", "date") VALUES ('b52598d7-5dfe-4f36-9f96-66bfc8e77b7f', '07178a4b-eded-48a1-a539-9a9bd2751982', '0', NULL);
INSERT INTO "status_sensors" ("key", "sensor", "statec", "date") VALUES ('e0053d7e-f6c2-4703-a665-22441ca991a2', '21c35b14-aef8-4c13-9794-4c47c02b4fdc', '0.9432', NULL);
INSERT INTO "status_sensors" ("key", "sensor", "statec", "date") VALUES ('828cc0fe-0e3a-4458-a2f8-7679449ce742', '07178a4b-eded-48a1-a539-9a9bd2751982', '0', NULL);
INSERT INTO "status_sensors" ("key", "sensor", "statec", "date") VALUES ('b2cbd178-cbf9-4bc9-a2d5-758c4de47af8', '21c35b14-aef8-4c13-9794-4c47c02b4fdc', '0.94365', NULL);
INSERT INTO "status_sensors" ("key", "sensor", "statec", "date") VALUES ('0d6f0824-a1b0-4e2d-b622-282c09633070', '07178a4b-eded-48a1-a539-9a9bd2751982', '0', NULL);
INSERT INTO "status_sensors" ("key", "sensor", "statec", "date") VALUES ('35790a3b-3d1f-4327-8b63-9c5db850d20d', '21c35b14-aef8-4c13-9794-4c47c02b4fdc', '0.9429', NULL);
INSERT INTO "status_sensors" ("key", "sensor", "statec", "date") VALUES ('13350695-c1e8-46d0-9c19-8be48e705078', '07178a4b-eded-48a1-a539-9a9bd2751982', '0', NULL);
INSERT INTO "status_sensors" ("key", "sensor", "statec", "date") VALUES ('fa606b36-1862-4fbb-a04c-c9e8bfa06016', '21c35b14-aef8-4c13-9794-4c47c02b4fdc', '0.94645', NULL);
INSERT INTO "status_sensors" ("key", "sensor", "statec", "date") VALUES ('7450b929-66fb-48f3-89b4-ee7ecfcbabc4', '07178a4b-eded-48a1-a539-9a9bd2751982', '0', NULL);
INSERT INTO "status_sensors" ("key", "sensor", "statec", "date") VALUES ('6bfbb090-21b7-4fe6-b8bb-b7af1ebac0c6', '21c35b14-aef8-4c13-9794-4c47c02b4fdc', '0.94345', NULL);
INSERT INTO "status_sensors" ("key", "sensor", "statec", "date") VALUES ('c956fe4e-11c5-48a0-b64d-dafced499a74', '07178a4b-eded-48a1-a539-9a9bd2751982', '0', NULL);
INSERT INTO "status_sensors" ("key", "sensor", "statec", "date") VALUES ('c31689a9-c193-4d87-8f9c-b1563f1f24a8', '21c35b14-aef8-4c13-9794-4c47c02b4fdc', '0.94475', NULL);
INSERT INTO "status_sensors" ("key", "sensor", "statec", "date") VALUES ('29d83c04-8511-45f4-9f57-16d9c2114d75', '07178a4b-eded-48a1-a539-9a9bd2751982', '0', NULL);
INSERT INTO "status_sensors" ("key", "sensor", "statec", "date") VALUES ('b8e4dc64-9d4e-48b9-bf51-762dfc24d940', '21c35b14-aef8-4c13-9794-4c47c02b4fdc', '0.94225', NULL);
INSERT INTO "status_sensors" ("key", "sensor", "statec", "date") VALUES ('b9c9d72a-c5c7-4b6d-b0d9-a0574cd36e32', '07178a4b-eded-48a1-a539-9a9bd2751982', '0', NULL);
INSERT INTO "status_sensors" ("key", "sensor", "statec", "date") VALUES ('42cc07d0-988a-4d1c-b38d-1b0dfa20c09d', '21c35b14-aef8-4c13-9794-4c47c02b4fdc', '0.9495', NULL);
INSERT INTO "status_sensors" ("key", "sensor", "statec", "date") VALUES ('50d5dbef-ad40-4438-b948-f822ba1af408', '07178a4b-eded-48a1-a539-9a9bd2751982', '0', NULL);
INSERT INTO "status_sensors" ("key", "sensor", "statec", "date") VALUES ('776f66dc-adfd-4d9b-b2d8-b56d7b48da24', '21c35b14-aef8-4c13-9794-4c47c02b4fdc', '0.9491', NULL);
INSERT INTO "status_sensors" ("key", "sensor", "statec", "date") VALUES ('5b096b55-abf8-46d0-b441-68f33ab69369', '07178a4b-eded-48a1-a539-9a9bd2751982', '0', NULL);
INSERT INTO "status_sensors" ("key", "sensor", "statec", "date") VALUES ('3883ea3c-7b52-4a82-8126-62fd8890c7ec', '21c35b14-aef8-4c13-9794-4c47c02b4fdc', '0.9425', NULL);
INSERT INTO "status_sensors" ("key", "sensor", "statec", "date") VALUES ('76d915b1-0ebf-439f-be57-b971f2b91624', '07178a4b-eded-48a1-a539-9a9bd2751982', '0', NULL);
INSERT INTO "status_sensors" ("key", "sensor", "statec", "date") VALUES ('9b07276b-9fab-48f4-a60c-c5732b2c3712', '21c35b14-aef8-4c13-9794-4c47c02b4fdc', '0.9427000000000001', NULL);
INSERT INTO "status_sensors" ("key", "sensor", "statec", "date") VALUES ('adf016a0-a59f-47b1-ab78-2afc3c62fdf2', '07178a4b-eded-48a1-a539-9a9bd2751982', '0', NULL);
INSERT INTO "status_sensors" ("key", "sensor", "statec", "date") VALUES ('dd5d8ef7-9597-42e1-ab49-bce68e8579d1', '21c35b14-aef8-4c13-9794-4c47c02b4fdc', '0.9432', NULL);
INSERT INTO "status_sensors" ("key", "sensor", "statec", "date") VALUES ('e9d6979a-8f8e-4fd8-9237-3d2cb83ac944', '07178a4b-eded-48a1-a539-9a9bd2751982', '0', NULL);
INSERT INTO "status_sensors" ("key", "sensor", "statec", "date") VALUES ('d99f684e-b466-48d3-bffa-d0360b33c27b', '21c35b14-aef8-4c13-9794-4c47c02b4fdc', '0.9412', NULL);
INSERT INTO "status_sensors" ("key", "sensor", "statec", "date") VALUES ('5d8d4ddc-d5e0-4c97-9ebc-758ceded4138', '07178a4b-eded-48a1-a539-9a9bd2751982', '0', NULL);
INSERT INTO "status_sensors" ("key", "sensor", "statec", "date") VALUES ('ddae3ac8-bec0-4503-8a87-00c63b8b922c', '21c35b14-aef8-4c13-9794-4c47c02b4fdc', '0.94335', NULL);
INSERT INTO "status_sensors" ("key", "sensor", "statec", "date") VALUES ('5f3e3100-c05f-4c2c-8905-20e3afa32a59', '07178a4b-eded-48a1-a539-9a9bd2751982', '0', NULL);
INSERT INTO "status_sensors" ("key", "sensor", "statec", "date") VALUES ('7762f384-566a-40ed-9068-eac94d444531', '21c35b14-aef8-4c13-9794-4c47c02b4fdc', '0.9519', NULL);
INSERT INTO "status_sensors" ("key", "sensor", "statec", "date") VALUES ('cad2a3d3-e2da-46d5-9d72-8088ca7dee6f', '07178a4b-eded-48a1-a539-9a9bd2751982', '0', NULL);
INSERT INTO "status_sensors" ("key", "sensor", "statec", "date") VALUES ('5e9b877d-ec5f-4050-954c-9b2f453cb64f', '21c35b14-aef8-4c13-9794-4c47c02b4fdc', '0.95065', NULL);
INSERT INTO "status_sensors" ("key", "sensor", "statec", "date") VALUES ('bf90aed2-ab34-4913-acc2-eff775ffdb36', '07178a4b-eded-48a1-a539-9a9bd2751982', '0', NULL);
INSERT INTO "status_sensors" ("key", "sensor", "statec", "date") VALUES ('f1d01e49-2ab3-4f34-9378-8680d28dd8bf', '21c35b14-aef8-4c13-9794-4c47c02b4fdc', '0.9505', NULL);
INSERT INTO "status_sensors" ("key", "sensor", "statec", "date") VALUES ('d18b5912-498c-4223-8308-ac009ee16c28', '07178a4b-eded-48a1-a539-9a9bd2751982', '0', NULL);
INSERT INTO "status_sensors" ("key", "sensor", "statec", "date") VALUES ('57b49ba5-d335-4dd9-9c9e-b9d34d519876', '21c35b14-aef8-4c13-9794-4c47c02b4fdc', '0.9515', NULL);
INSERT INTO "status_sensors" ("key", "sensor", "statec", "date") VALUES ('d1af5a47-62c1-4220-b2f4-ca103f2210ea', '07178a4b-eded-48a1-a539-9a9bd2751982', '0', NULL);
INSERT INTO "status_sensors" ("key", "sensor", "statec", "date") VALUES ('80dbfaab-104a-48a6-96ab-a0c5df8aecc2', '21c35b14-aef8-4c13-9794-4c47c02b4fdc', '0.9522', NULL);
INSERT INTO "status_sensors" ("key", "sensor", "statec", "date") VALUES ('8d9cf53a-e3a8-4d80-b06f-0d52117ba110', '07178a4b-eded-48a1-a539-9a9bd2751982', '0', NULL);
INSERT INTO "status_sensors" ("key", "sensor", "statec", "date") VALUES ('4a2d5416-cb96-4a46-94ec-e56926c6a428', '21c35b14-aef8-4c13-9794-4c47c02b4fdc', '0.9445', NULL);
INSERT INTO "status_sensors" ("key", "sensor", "statec", "date") VALUES ('693328d5-11f5-451d-9d69-df60ee408504', '07178a4b-eded-48a1-a539-9a9bd2751982', '0', NULL);
INSERT INTO "status_sensors" ("key", "sensor", "statec", "date") VALUES ('99a1b5d4-b362-48e7-ab75-e03590198a0f', '21c35b14-aef8-4c13-9794-4c47c02b4fdc', '0.9481', NULL);
INSERT INTO "status_sensors" ("key", "sensor", "statec", "date") VALUES ('3404979f-0328-4920-a304-dcea4ed3457c', '07178a4b-eded-48a1-a539-9a9bd2751982', '0', NULL);
INSERT INTO "status_sensors" ("key", "sensor", "statec", "date") VALUES ('3978ad45-0a86-48f8-bdeb-1830583c5240', '21c35b14-aef8-4c13-9794-4c47c02b4fdc', '0.9471499999999999', NULL);
INSERT INTO "status_sensors" ("key", "sensor", "statec", "date") VALUES ('1f2c1a30-e0f8-4860-99bd-60e0b913cf7b', '07178a4b-eded-48a1-a539-9a9bd2751982', '0', NULL);
INSERT INTO "status_sensors" ("key", "sensor", "statec", "date") VALUES ('7bd41709-ab52-48d7-a444-f54f00d705b4', '21c35b14-aef8-4c13-9794-4c47c02b4fdc', '0.94405', NULL);
INSERT INTO "status_sensors" ("key", "sensor", "statec", "date") VALUES ('ab5f7ef4-7c98-49bc-a54f-467f3054d1aa', '07178a4b-eded-48a1-a539-9a9bd2751982', '0', NULL);
INSERT INTO "status_sensors" ("key", "sensor", "statec", "date") VALUES ('3bc252ef-9587-4336-8b11-ff222e8b48eb', '21c35b14-aef8-4c13-9794-4c47c02b4fdc', '0.93935', NULL);
INSERT INTO "status_sensors" ("key", "sensor", "statec", "date") VALUES ('4e5c9072-7793-4018-9717-9840e4bf6923', '07178a4b-eded-48a1-a539-9a9bd2751982', '0', NULL);
INSERT INTO "status_sensors" ("key", "sensor", "statec", "date") VALUES ('a7ae27ae-09ea-4435-a954-193658a9f8f0', '21c35b14-aef8-4c13-9794-4c47c02b4fdc', '0.9410499999999999', NULL);
INSERT INTO "status_sensors" ("key", "sensor", "statec", "date") VALUES ('4e2e4457-9917-4e31-9275-50242f236e33', '07178a4b-eded-48a1-a539-9a9bd2751982', '0', NULL);
INSERT INTO "status_sensors" ("key", "sensor", "statec", "date") VALUES ('daecb963-ec5a-4701-8484-4c388cb5a314', '21c35b14-aef8-4c13-9794-4c47c02b4fdc', '0.9365', NULL);
INSERT INTO "status_sensors" ("key", "sensor", "statec", "date") VALUES ('532df23b-a874-4ad0-abfe-90794a05fef7', '07178a4b-eded-48a1-a539-9a9bd2751982', '0', NULL);
INSERT INTO "status_sensors" ("key", "sensor", "statec", "date") VALUES ('888a3998-48ec-42f9-bd45-e0a546f7caeb', '21c35b14-aef8-4c13-9794-4c47c02b4fdc', '0.9431499999999999', NULL);
INSERT INTO "status_sensors" ("key", "sensor", "statec", "date") VALUES ('b00d15b1-3014-4827-994e-a8abfc066eef', '07178a4b-eded-48a1-a539-9a9bd2751982', '0', NULL);
INSERT INTO "status_sensors" ("key", "sensor", "statec", "date") VALUES ('624a5818-d870-459c-a46c-169ca9a19138', '21c35b14-aef8-4c13-9794-4c47c02b4fdc', '0.948', NULL);
INSERT INTO "status_sensors" ("key", "sensor", "statec", "date") VALUES ('63d3046a-7671-4505-b282-c2bae94a6aa5', '07178a4b-eded-48a1-a539-9a9bd2751982', '0', NULL);
INSERT INTO "status_sensors" ("key", "sensor", "statec", "date") VALUES ('93e388bc-f385-46bc-be1e-f8e4243be87e', '21c35b14-aef8-4c13-9794-4c47c02b4fdc', '0.94885', NULL);
INSERT INTO "status_sensors" ("key", "sensor", "statec", "date") VALUES ('9a1d4c98-c015-486a-a23c-f50361baaacf', '07178a4b-eded-48a1-a539-9a9bd2751982', '0', NULL);
INSERT INTO "status_sensors" ("key", "sensor", "statec", "date") VALUES ('51e194f0-d7ef-4133-8c04-1b576a4082a0', '21c35b14-aef8-4c13-9794-4c47c02b4fdc', '0.95485', NULL);
INSERT INTO "status_sensors" ("key", "sensor", "statec", "date") VALUES ('4f0a84b7-aaaf-4ea3-bc0e-2ea8fa402741', '07178a4b-eded-48a1-a539-9a9bd2751982', '0', NULL);
INSERT INTO "status_sensors" ("key", "sensor", "statec", "date") VALUES ('7c7baff0-205f-4513-b02b-2b0de6e337eb', '21c35b14-aef8-4c13-9794-4c47c02b4fdc', '0.9545', NULL);
INSERT INTO "status_sensors" ("key", "sensor", "statec", "date") VALUES ('25c87b1d-28cf-4e9e-86e4-eee958ab7aeb', '07178a4b-eded-48a1-a539-9a9bd2751982', '0', NULL);
INSERT INTO "status_sensors" ("key", "sensor", "statec", "date") VALUES ('bdd574e4-f02f-4624-99b4-4a28ea272a1a', '21c35b14-aef8-4c13-9794-4c47c02b4fdc', '0.9514', NULL);
INSERT INTO "status_sensors" ("key", "sensor", "statec", "date") VALUES ('635967c1-e290-4649-bd97-3d9572db723f', '07178a4b-eded-48a1-a539-9a9bd2751982', '0', NULL);
INSERT INTO "status_sensors" ("key", "sensor", "statec", "date") VALUES ('c96b26ed-c660-4421-9e2a-c402c255dce4', '21c35b14-aef8-4c13-9794-4c47c02b4fdc', '0.95075', NULL);
INSERT INTO "status_sensors" ("key", "sensor", "statec", "date") VALUES ('85fee43f-7e5d-4f6c-a758-8b5e71f58571', '07178a4b-eded-48a1-a539-9a9bd2751982', '0', NULL);
INSERT INTO "status_sensors" ("key", "sensor", "statec", "date") VALUES ('a5339fdf-1a93-479a-ab47-fa27c4d9467b', '21c35b14-aef8-4c13-9794-4c47c02b4fdc', '0.95225', NULL);
INSERT INTO "status_sensors" ("key", "sensor", "statec", "date") VALUES ('1c6aaac6-cd9d-420a-887d-02b31570b931', '07178a4b-eded-48a1-a539-9a9bd2751982', '0', NULL);
INSERT INTO "status_sensors" ("key", "sensor", "statec", "date") VALUES ('c2a737ad-46ed-4932-83d4-2ae1022aa615', '21c35b14-aef8-4c13-9794-4c47c02b4fdc', '0.9499500000000001', NULL);
INSERT INTO "status_sensors" ("key", "sensor", "statec", "date") VALUES ('01711db4-538b-4c88-983a-15c1601fd0ef', '07178a4b-eded-48a1-a539-9a9bd2751982', '0', NULL);
INSERT INTO "status_sensors" ("key", "sensor", "statec", "date") VALUES ('26792371-0f76-4d6d-9b87-6a0f2599658a', '21c35b14-aef8-4c13-9794-4c47c02b4fdc', '0.9476', NULL);
INSERT INTO "status_sensors" ("key", "sensor", "statec", "date") VALUES ('590c303f-65c4-487b-8c2c-92fb99ef4925', '07178a4b-eded-48a1-a539-9a9bd2751982', '0', NULL);
INSERT INTO "status_sensors" ("key", "sensor", "statec", "date") VALUES ('403211ac-0b25-4e09-92b3-e355ec1d85c7', '21c35b14-aef8-4c13-9794-4c47c02b4fdc', '0.9417000000000001', NULL);
INSERT INTO "status_sensors" ("key", "sensor", "statec", "date") VALUES ('bd1a90b2-76a9-4692-916e-4573dfe62e2d', '07178a4b-eded-48a1-a539-9a9bd2751982', '0', NULL);
INSERT INTO "status_sensors" ("key", "sensor", "statec", "date") VALUES ('54889e6e-304d-487f-acd0-20cc3f8f2f9d', '21c35b14-aef8-4c13-9794-4c47c02b4fdc', '0.94345', NULL);
INSERT INTO "status_sensors" ("key", "sensor", "statec", "date") VALUES ('5033c1a5-a3fc-4ccf-a5c0-3e60a4cbc05e', '07178a4b-eded-48a1-a539-9a9bd2751982', '0', NULL);
INSERT INTO "status_sensors" ("key", "sensor", "statec", "date") VALUES ('bc8b278a-4dbd-47ed-b286-0ed619590440', '21c35b14-aef8-4c13-9794-4c47c02b4fdc', '0.9455', NULL);
INSERT INTO "status_sensors" ("key", "sensor", "statec", "date") VALUES ('d9c70ee0-0c49-4cb6-be32-32b981fb89f7', '07178a4b-eded-48a1-a539-9a9bd2751982', '0', NULL);
INSERT INTO "status_sensors" ("key", "sensor", "statec", "date") VALUES ('a0ac80fe-4cd6-4df0-9ca0-ec52ddb7d51c', '21c35b14-aef8-4c13-9794-4c47c02b4fdc', '0.94645', NULL);
INSERT INTO "status_sensors" ("key", "sensor", "statec", "date") VALUES ('1b1087e3-8969-40c0-b9ba-26545e6576a5', '07178a4b-eded-48a1-a539-9a9bd2751982', '0', NULL);
INSERT INTO "status_sensors" ("key", "sensor", "statec", "date") VALUES ('b5dde36d-9634-4952-a1bd-fdff69739ac6', '21c35b14-aef8-4c13-9794-4c47c02b4fdc', '0.94845', NULL);
INSERT INTO "status_sensors" ("key", "sensor", "statec", "date") VALUES ('b3eb64df-b8a7-4dcf-a94d-a873b46fb600', '07178a4b-eded-48a1-a539-9a9bd2751982', '0', NULL);
INSERT INTO "status_sensors" ("key", "sensor", "statec", "date") VALUES ('df659275-4566-4d56-8eac-3d8715ffb13a', '21c35b14-aef8-4c13-9794-4c47c02b4fdc', '0.9471', NULL);
INSERT INTO "status_sensors" ("key", "sensor", "statec", "date") VALUES ('a9fdd27c-88eb-4eac-80f2-2ce3f7c7ecdb', '07178a4b-eded-48a1-a539-9a9bd2751982', '0', NULL);
INSERT INTO "status_sensors" ("key", "sensor", "statec", "date") VALUES ('a585f852-ac81-4245-8511-31192e09ae57', '21c35b14-aef8-4c13-9794-4c47c02b4fdc', '0.9431499999999999', NULL);
INSERT INTO "status_sensors" ("key", "sensor", "statec", "date") VALUES ('d4408204-70f4-4224-a245-0e62f26244b5', '07178a4b-eded-48a1-a539-9a9bd2751982', '0', NULL);
INSERT INTO "status_sensors" ("key", "sensor", "statec", "date") VALUES ('29b1fa9d-1ddb-4c3e-bb62-ed28466bdc4e', '21c35b14-aef8-4c13-9794-4c47c02b4fdc', '0.94955', NULL);
INSERT INTO "status_sensors" ("key", "sensor", "statec", "date") VALUES ('5f2762e7-c387-44de-bf49-2964074399be', '07178a4b-eded-48a1-a539-9a9bd2751982', '0', NULL);
INSERT INTO "status_sensors" ("key", "sensor", "statec", "date") VALUES ('bc0633dc-c7c4-4b9b-839e-9b45c2d6872d', '21c35b14-aef8-4c13-9794-4c47c02b4fdc', '0.94585', NULL);
INSERT INTO "status_sensors" ("key", "sensor", "statec", "date") VALUES ('85ec966e-75c8-4b2d-8a50-c4b8100d730c', '07178a4b-eded-48a1-a539-9a9bd2751982', '0', NULL);
INSERT INTO "status_sensors" ("key", "sensor", "statec", "date") VALUES ('354b05fd-7492-40f0-83ed-47d151d00c4e', '21c35b14-aef8-4c13-9794-4c47c02b4fdc', '0.94405', NULL);
INSERT INTO "status_sensors" ("key", "sensor", "statec", "date") VALUES ('5be110d7-e3b9-4388-b0a5-de61cd8bcd33', '07178a4b-eded-48a1-a539-9a9bd2751982', '0', NULL);
INSERT INTO "status_sensors" ("key", "sensor", "statec", "date") VALUES ('e869647f-1fc4-4e58-968d-aa0f92bd85b3', '21c35b14-aef8-4c13-9794-4c47c02b4fdc', '0.9471499999999999', NULL);
INSERT INTO "status_sensors" ("key", "sensor", "statec", "date") VALUES ('0600aeda-bff6-43bf-a2f0-b6c13d0b960b', '07178a4b-eded-48a1-a539-9a9bd2751982', '0', NULL);
INSERT INTO "status_sensors" ("key", "sensor", "statec", "date") VALUES ('8cdbdda5-162a-4b47-ac03-46594fc36819', '21c35b14-aef8-4c13-9794-4c47c02b4fdc', '0.94945', NULL);
INSERT INTO "status_sensors" ("key", "sensor", "statec", "date") VALUES ('7518a79b-075d-473f-8063-2b7ce294f8cf', '07178a4b-eded-48a1-a539-9a9bd2751982', '0', NULL);
INSERT INTO "status_sensors" ("key", "sensor", "statec", "date") VALUES ('8be95e07-73ee-4d01-8e4f-1649b48426c7', '21c35b14-aef8-4c13-9794-4c47c02b4fdc', '0.9472', NULL);
INSERT INTO "status_sensors" ("key", "sensor", "statec", "date") VALUES ('94e33382-2300-4846-86ce-3d2b8b2dc19e', '07178a4b-eded-48a1-a539-9a9bd2751982', '0', NULL);
INSERT INTO "status_sensors" ("key", "sensor", "statec", "date") VALUES ('e5a6ac48-b760-4689-8a47-2337c739bd4f', '21c35b14-aef8-4c13-9794-4c47c02b4fdc', '0.9415', NULL);
INSERT INTO "status_sensors" ("key", "sensor", "statec", "date") VALUES ('55d992cf-8c10-48af-92fe-c86d72472e9f', '07178a4b-eded-48a1-a539-9a9bd2751982', '0', NULL);
INSERT INTO "status_sensors" ("key", "sensor", "statec", "date") VALUES ('badeb771-5b13-477d-8a49-f9f9cef20f81', '21c35b14-aef8-4c13-9794-4c47c02b4fdc', '0.9489500000000001', NULL);
INSERT INTO "status_sensors" ("key", "sensor", "statec", "date") VALUES ('31b92e52-96e6-4918-9f8a-d824481317c0', '07178a4b-eded-48a1-a539-9a9bd2751982', '0', NULL);
INSERT INTO "status_sensors" ("key", "sensor", "statec", "date") VALUES ('4777fe26-22d3-4bf2-b181-82a79ede87c6', '21c35b14-aef8-4c13-9794-4c47c02b4fdc', '0.9442', NULL);
INSERT INTO "status_sensors" ("key", "sensor", "statec", "date") VALUES ('609ef98c-7ed0-4180-be67-0f7f4bccfaaa', '07178a4b-eded-48a1-a539-9a9bd2751982', '0', NULL);
INSERT INTO "status_sensors" ("key", "sensor", "statec", "date") VALUES ('a8df343a-04fc-4684-ac67-b7cb07e52e3c', '21c35b14-aef8-4c13-9794-4c47c02b4fdc', '0.94525', NULL);
INSERT INTO "status_sensors" ("key", "sensor", "statec", "date") VALUES ('72150574-2796-4da8-a698-66a96ecbf0ea', '07178a4b-eded-48a1-a539-9a9bd2751982', '0', NULL);
INSERT INTO "status_sensors" ("key", "sensor", "statec", "date") VALUES ('16deadc0-a236-4325-a749-7c103fb84e23', '21c35b14-aef8-4c13-9794-4c47c02b4fdc', '0.941', NULL);
INSERT INTO "status_sensors" ("key", "sensor", "statec", "date") VALUES ('7ad8fc66-0c4f-4d1b-ad29-33a358c3cf7a', '07178a4b-eded-48a1-a539-9a9bd2751982', '0', NULL);
INSERT INTO "status_sensors" ("key", "sensor", "statec", "date") VALUES ('43272d23-9f97-478f-9ded-54820125a487', '21c35b14-aef8-4c13-9794-4c47c02b4fdc', '0.9396', NULL);
INSERT INTO "status_sensors" ("key", "sensor", "statec", "date") VALUES ('fdc59d2c-0e0e-4186-b895-48dc1903c168', '07178a4b-eded-48a1-a539-9a9bd2751982', '0', NULL);
INSERT INTO "status_sensors" ("key", "sensor", "statec", "date") VALUES ('05828b3d-d6c9-4fd3-bd5e-ead79a2e7b2e', '21c35b14-aef8-4c13-9794-4c47c02b4fdc', '0.9438500000000001', NULL);
INSERT INTO "status_sensors" ("key", "sensor", "statec", "date") VALUES ('8cce88de-3129-4a1d-a567-b31ddd5dca81', '07178a4b-eded-48a1-a539-9a9bd2751982', '0', NULL);
INSERT INTO "status_sensors" ("key", "sensor", "statec", "date") VALUES ('df779fd7-ab48-4ef3-8c00-97d41f5c8641', '21c35b14-aef8-4c13-9794-4c47c02b4fdc', '0.94545', NULL);
INSERT INTO "status_sensors" ("key", "sensor", "statec", "date") VALUES ('ee72f35c-1c40-493d-a128-cdeb553ac4b3', '07178a4b-eded-48a1-a539-9a9bd2751982', '0', NULL);
INSERT INTO "status_sensors" ("key", "sensor", "statec", "date") VALUES ('7ab22602-fb77-4056-ab36-1a4b33a5e455', '21c35b14-aef8-4c13-9794-4c47c02b4fdc', '0.9415', NULL);
INSERT INTO "status_sensors" ("key", "sensor", "statec", "date") VALUES ('6e24a8a4-8da3-4fd6-a0ba-34269b8a34bf', '07178a4b-eded-48a1-a539-9a9bd2751982', '0', NULL);
INSERT INTO "status_sensors" ("key", "sensor", "statec", "date") VALUES ('9a606e7c-6a7b-4593-8845-fbb9f080f29e', '21c35b14-aef8-4c13-9794-4c47c02b4fdc', '0.9420499999999999', NULL);
INSERT INTO "status_sensors" ("key", "sensor", "statec", "date") VALUES ('8cb8cea7-19ac-44d8-896d-55b34d0b77b2', '07178a4b-eded-48a1-a539-9a9bd2751982', '0', NULL);
INSERT INTO "status_sensors" ("key", "sensor", "statec", "date") VALUES ('5ea442b4-c2f3-4481-bedb-71fa3fd9aa0a', '21c35b14-aef8-4c13-9794-4c47c02b4fdc', '0.9414', NULL);
INSERT INTO "status_sensors" ("key", "sensor", "statec", "date") VALUES ('73a8a2ec-7f3d-4717-8204-869b6944fd3c', '07178a4b-eded-48a1-a539-9a9bd2751982', '0', NULL);
INSERT INTO "status_sensors" ("key", "sensor", "statec", "date") VALUES ('e7a0250a-6c8a-4e92-b30a-dbd815e395a2', '21c35b14-aef8-4c13-9794-4c47c02b4fdc', '0.94455', NULL);
INSERT INTO "status_sensors" ("key", "sensor", "statec", "date") VALUES ('f87b091c-d0e1-4ec5-9ad4-dcb53c2e118e', '07178a4b-eded-48a1-a539-9a9bd2751982', '0', NULL);
INSERT INTO "status_sensors" ("key", "sensor", "statec", "date") VALUES ('5476e61a-d01b-42cf-bb17-491d9a67c653', '21c35b14-aef8-4c13-9794-4c47c02b4fdc', '0.93925', NULL);
INSERT INTO "status_sensors" ("key", "sensor", "statec", "date") VALUES ('fe70e0fa-23a9-4fbd-a7ae-27deae97b3da', '07178a4b-eded-48a1-a539-9a9bd2751982', '0', NULL);
INSERT INTO "status_sensors" ("key", "sensor", "statec", "date") VALUES ('9896f360-cb96-4bca-abac-f1f6d387db80', '21c35b14-aef8-4c13-9794-4c47c02b4fdc', '0.93865', NULL);
INSERT INTO "status_sensors" ("key", "sensor", "statec", "date") VALUES ('d863b785-5523-46a4-9452-64a0f29da647', '07178a4b-eded-48a1-a539-9a9bd2751982', '0', NULL);
INSERT INTO "status_sensors" ("key", "sensor", "statec", "date") VALUES ('4ab279bb-7689-4d02-8f56-32e3d3e3318f', '21c35b14-aef8-4c13-9794-4c47c02b4fdc', '0.9399', NULL);
INSERT INTO "status_sensors" ("key", "sensor", "statec", "date") VALUES ('002bf367-c0d4-4694-bcf8-bd72e4e9bef5', '07178a4b-eded-48a1-a539-9a9bd2751982', '0', NULL);
INSERT INTO "status_sensors" ("key", "sensor", "statec", "date") VALUES ('97989d72-821b-4d5a-9168-933dd89f7c34', '21c35b14-aef8-4c13-9794-4c47c02b4fdc', '0.9421499999999999', NULL);
INSERT INTO "status_sensors" ("key", "sensor", "statec", "date") VALUES ('d1b82ed3-a0b2-40f3-826e-b76772702f4d', '07178a4b-eded-48a1-a539-9a9bd2751982', '0', NULL);
INSERT INTO "status_sensors" ("key", "sensor", "statec", "date") VALUES ('b8eb7103-2b33-4bc0-9e7e-e97aeb868926', '21c35b14-aef8-4c13-9794-4c47c02b4fdc', '0.9401499999999999', NULL);
INSERT INTO "status_sensors" ("key", "sensor", "statec", "date") VALUES ('0972c61d-22e6-46bf-9f0a-2ead6d6b9f46', '07178a4b-eded-48a1-a539-9a9bd2751982', '0', NULL);
INSERT INTO "status_sensors" ("key", "sensor", "statec", "date") VALUES ('83c33e85-8dab-4b8d-96e0-7927a4f08294', '21c35b14-aef8-4c13-9794-4c47c02b4fdc', '0.93925', NULL);
INSERT INTO "status_sensors" ("key", "sensor", "statec", "date") VALUES ('5dc70f46-dc87-4f5c-ae75-2ad32dc95c2c', '07178a4b-eded-48a1-a539-9a9bd2751982', '0', NULL);
INSERT INTO "status_sensors" ("key", "sensor", "statec", "date") VALUES ('89211276-5f38-400b-9c74-9f36f4e4902e', '21c35b14-aef8-4c13-9794-4c47c02b4fdc', '0.93755', NULL);
INSERT INTO "status_sensors" ("key", "sensor", "statec", "date") VALUES ('a8996959-b856-43cc-a654-b4ae1fa0af0e', '07178a4b-eded-48a1-a539-9a9bd2751982', '0', NULL);
INSERT INTO "status_sensors" ("key", "sensor", "statec", "date") VALUES ('5a54fb77-f6f9-41a1-9395-a41dbe9e0ce1', '21c35b14-aef8-4c13-9794-4c47c02b4fdc', '0.9329', NULL);
INSERT INTO "status_sensors" ("key", "sensor", "statec", "date") VALUES ('bebd95c6-4648-4bbf-af85-9b5bfd5ae4af', '07178a4b-eded-48a1-a539-9a9bd2751982', '0', NULL);
INSERT INTO "status_sensors" ("key", "sensor", "statec", "date") VALUES ('cb03f016-263e-4969-8310-b9c283ceee49', '21c35b14-aef8-4c13-9794-4c47c02b4fdc', '0.92755', NULL);
INSERT INTO "status_sensors" ("key", "sensor", "statec", "date") VALUES ('29e36f72-c409-4b4d-a6fd-c622ad6385e9', '07178a4b-eded-48a1-a539-9a9bd2751982', '0', NULL);
INSERT INTO "status_sensors" ("key", "sensor", "statec", "date") VALUES ('abf784cd-8a58-41cb-88cb-9e47a5146a04', '21c35b14-aef8-4c13-9794-4c47c02b4fdc', '0.9261', NULL);
INSERT INTO "status_sensors" ("key", "sensor", "statec", "date") VALUES ('a6074317-2786-4d07-a8f9-2938d7f56336', '07178a4b-eded-48a1-a539-9a9bd2751982', '0', NULL);
INSERT INTO "status_sensors" ("key", "sensor", "statec", "date") VALUES ('66ff1bed-5375-4c84-ac5a-1cf2b855def0', '21c35b14-aef8-4c13-9794-4c47c02b4fdc', '0.91915', NULL);
INSERT INTO "status_sensors" ("key", "sensor", "statec", "date") VALUES ('c9a88514-65a7-40c4-8205-8bd6e0d61c85', '07178a4b-eded-48a1-a539-9a9bd2751982', '0', NULL);
INSERT INTO "status_sensors" ("key", "sensor", "statec", "date") VALUES ('78233432-0509-46bd-8b16-b572182981c2', '21c35b14-aef8-4c13-9794-4c47c02b4fdc', '0.92475', NULL);
INSERT INTO "status_sensors" ("key", "sensor", "statec", "date") VALUES ('266f4e9e-e511-43bf-9dde-6d500a29b5dc', '07178a4b-eded-48a1-a539-9a9bd2751982', '0', NULL);
INSERT INTO "status_sensors" ("key", "sensor", "statec", "date") VALUES ('3fe6e4f4-0a12-4a23-b1d5-23dca9708c62', '21c35b14-aef8-4c13-9794-4c47c02b4fdc', '0.91955', NULL);
INSERT INTO "status_sensors" ("key", "sensor", "statec", "date") VALUES ('cc8c3dc4-bfe7-49e4-ba4c-4a697ae4e21b', '07178a4b-eded-48a1-a539-9a9bd2751982', '0', NULL);
INSERT INTO "status_sensors" ("key", "sensor", "statec", "date") VALUES ('099e81d9-8db5-4028-8b08-2a7869874277', '21c35b14-aef8-4c13-9794-4c47c02b4fdc', '0.9104500000000001', NULL);
INSERT INTO "status_sensors" ("key", "sensor", "statec", "date") VALUES ('1b72b8a4-9509-4bd1-b548-1f7fe8bc429e', '07178a4b-eded-48a1-a539-9a9bd2751982', '0', NULL);
INSERT INTO "status_sensors" ("key", "sensor", "statec", "date") VALUES ('39b3474f-33b1-4c3b-9242-b38c18abd48d', '21c35b14-aef8-4c13-9794-4c47c02b4fdc', '0.88485', NULL);
INSERT INTO "status_sensors" ("key", "sensor", "statec", "date") VALUES ('e3275f4a-8fcc-4376-bed4-de58dd9f94ec', '07178a4b-eded-48a1-a539-9a9bd2751982', '0', NULL);
INSERT INTO "status_sensors" ("key", "sensor", "statec", "date") VALUES ('85a58ca6-7a4a-48d5-b3a6-e113b67ee4d7', '21c35b14-aef8-4c13-9794-4c47c02b4fdc', '0.8129500000000001', NULL);
INSERT INTO "status_sensors" ("key", "sensor", "statec", "date") VALUES ('03213655-338a-4399-9a04-13a09b785c6c', '07178a4b-eded-48a1-a539-9a9bd2751982', '0', NULL);
INSERT INTO "status_sensors" ("key", "sensor", "statec", "date") VALUES ('c724d08e-4ace-4235-98da-757b499ee1e6', '21c35b14-aef8-4c13-9794-4c47c02b4fdc', '0.6551', NULL);
INSERT INTO "status_sensors" ("key", "sensor", "statec", "date") VALUES ('95e508b7-9264-4103-b41c-786d7fe91c5d', '07178a4b-eded-48a1-a539-9a9bd2751982', '0', NULL);
INSERT INTO "status_sensors" ("key", "sensor", "statec", "date") VALUES ('67f96e6d-9393-4e28-b45d-b96de19d245e', '21c35b14-aef8-4c13-9794-4c47c02b4fdc', '0.68425', NULL);
INSERT INTO "status_sensors" ("key", "sensor", "statec", "date") VALUES ('82029af2-4721-4e50-9d54-b7ba0bf73cbd', '07178a4b-eded-48a1-a539-9a9bd2751982', '0', NULL);
INSERT INTO "status_sensors" ("key", "sensor", "statec", "date") VALUES ('ab70b9fc-e2cf-48c6-a05b-85dfce69a828', '21c35b14-aef8-4c13-9794-4c47c02b4fdc', '0.7666499999999999', NULL);
INSERT INTO "status_sensors" ("key", "sensor", "statec", "date") VALUES ('ba62ba28-51f7-4f01-a24d-91cddb7043be', '07178a4b-eded-48a1-a539-9a9bd2751982', '0', NULL);
INSERT INTO "status_sensors" ("key", "sensor", "statec", "date") VALUES ('ceab8753-ad22-4e96-ad57-522daf581bfb', '21c35b14-aef8-4c13-9794-4c47c02b4fdc', '0.5186499999999999', NULL);
INSERT INTO "status_sensors" ("key", "sensor", "statec", "date") VALUES ('f2d9ca83-c679-4092-a874-08c5dbcc05bc', '07178a4b-eded-48a1-a539-9a9bd2751982', '0', NULL);
INSERT INTO "status_sensors" ("key", "sensor", "statec", "date") VALUES ('ea3c8b05-8e2b-4797-be61-54e0940c26bc', '21c35b14-aef8-4c13-9794-4c47c02b4fdc', '0.7094', NULL);
INSERT INTO "status_sensors" ("key", "sensor", "statec", "date") VALUES ('12e82d1f-b032-43bd-a2d5-e650189c932f', '07178a4b-eded-48a1-a539-9a9bd2751982', '0', NULL);
INSERT INTO "status_sensors" ("key", "sensor", "statec", "date") VALUES ('22881f2f-a9e6-4f1a-bbab-ab8ffcd6ac5f', '21c35b14-aef8-4c13-9794-4c47c02b4fdc', '0.51475', NULL);
INSERT INTO "status_sensors" ("key", "sensor", "statec", "date") VALUES ('e1354f9d-5e26-43d0-b2d0-7f2cf66dba67', '07178a4b-eded-48a1-a539-9a9bd2751982', '0', NULL);
INSERT INTO "status_sensors" ("key", "sensor", "statec", "date") VALUES ('a371eca6-5373-41bf-b84f-8a64e8b9c21e', '21c35b14-aef8-4c13-9794-4c47c02b4fdc', '0.5629', NULL);
INSERT INTO "status_sensors" ("key", "sensor", "statec", "date") VALUES ('45dd557e-926d-4679-946f-76308c80e5ee', '07178a4b-eded-48a1-a539-9a9bd2751982', '0', NULL);
INSERT INTO "status_sensors" ("key", "sensor", "statec", "date") VALUES ('24fc52f3-2f77-47eb-87ef-7df997a58cac', '21c35b14-aef8-4c13-9794-4c47c02b4fdc', '0.6033999999999999', NULL);
INSERT INTO "status_sensors" ("key", "sensor", "statec", "date") VALUES ('5c7a207d-7289-4025-8594-399fb29c1714', '07178a4b-eded-48a1-a539-9a9bd2751982', '0', NULL);
INSERT INTO "status_sensors" ("key", "sensor", "statec", "date") VALUES ('6ce9d9b5-5458-4dc8-93a4-eaca676a4616', '21c35b14-aef8-4c13-9794-4c47c02b4fdc', '0.5584', NULL);
INSERT INTO "status_sensors" ("key", "sensor", "statec", "date") VALUES ('15cb7b4f-43d9-495e-88a2-99ad0f3c5e7d', '07178a4b-eded-48a1-a539-9a9bd2751982', '0', NULL);
INSERT INTO "status_sensors" ("key", "sensor", "statec", "date") VALUES ('8280e371-8138-460b-b580-bcb95ede9dc2', '21c35b14-aef8-4c13-9794-4c47c02b4fdc', '0.6287', NULL);
INSERT INTO "status_sensors" ("key", "sensor", "statec", "date") VALUES ('2ef25e9b-5cd3-4f08-a5f2-65b93470b34d', '07178a4b-eded-48a1-a539-9a9bd2751982', '0', NULL);
INSERT INTO "status_sensors" ("key", "sensor", "statec", "date") VALUES ('246bdcfc-162e-454d-a634-33f65db12fc3', '21c35b14-aef8-4c13-9794-4c47c02b4fdc', '0.62715', NULL);
INSERT INTO "status_sensors" ("key", "sensor", "statec", "date") VALUES ('bd6804b7-4ede-41d7-b612-46fae2b31620', '07178a4b-eded-48a1-a539-9a9bd2751982', '0.2006', NULL);
INSERT INTO "status_sensors" ("key", "sensor", "statec", "date") VALUES ('8e0166e4-6610-4c3f-a5a9-8286b153e315', '21c35b14-aef8-4c13-9794-4c47c02b4fdc', '0.5854', NULL);
INSERT INTO "status_sensors" ("key", "sensor", "statec", "date") VALUES ('045135fd-c5f5-4787-aa07-18b9e34bda84', '07178a4b-eded-48a1-a539-9a9bd2751982', '0.2011', NULL);
INSERT INTO "status_sensors" ("key", "sensor", "statec", "date") VALUES ('a6d3b051-25e1-41cc-9171-3f2bb22021cc', '21c35b14-aef8-4c13-9794-4c47c02b4fdc', '0.6314', NULL);
INSERT INTO "status_sensors" ("key", "sensor", "statec", "date") VALUES ('f026a4ad-3b70-40fc-99d8-a0da6cca7bbc', '07178a4b-eded-48a1-a539-9a9bd2751982', '0.2016', NULL);
INSERT INTO "status_sensors" ("key", "sensor", "statec", "date") VALUES ('c1a33ed0-260a-4caa-889d-ea741ecf002b', '21c35b14-aef8-4c13-9794-4c47c02b4fdc', '0.5721', NULL);
INSERT INTO "status_sensors" ("key", "sensor", "statec", "date") VALUES ('e8b3ea45-6305-478c-ba79-491b4bdd10ad', '07178a4b-eded-48a1-a539-9a9bd2751982', '0.2023', NULL);
INSERT INTO "status_sensors" ("key", "sensor", "statec", "date") VALUES ('4ee4d16f-d89d-4771-ae67-4f942d0d4af6', '21c35b14-aef8-4c13-9794-4c47c02b4fdc', '0.5875', NULL);
INSERT INTO "status_sensors" ("key", "sensor", "statec", "date") VALUES ('d80d6fa7-641b-4823-b2bf-ef928322c01d', '07178a4b-eded-48a1-a539-9a9bd2751982', '0.2028', NULL);
INSERT INTO "status_sensors" ("key", "sensor", "statec", "date") VALUES ('eec24a95-0c65-42b5-8027-704f967baf0e', '21c35b14-aef8-4c13-9794-4c47c02b4fdc', '0.7864', NULL);
INSERT INTO "status_sensors" ("key", "sensor", "statec", "date") VALUES ('0dc087ae-4854-4bf0-9140-e07b1967ed7a', '07178a4b-eded-48a1-a539-9a9bd2751982', '0.2034', NULL);
INSERT INTO "status_sensors" ("key", "sensor", "statec", "date") VALUES ('3e37956b-57bb-40e2-ab95-35036397b705', '21c35b14-aef8-4c13-9794-4c47c02b4fdc', '0.57405', NULL);
INSERT INTO "status_sensors" ("key", "sensor", "statec", "date") VALUES ('6be8bc90-7982-4f4b-bb8c-548a7404a449', '07178a4b-eded-48a1-a539-9a9bd2751982', '0.2041', NULL);
INSERT INTO "status_sensors" ("key", "sensor", "statec", "date") VALUES ('ea5fdb0f-cee3-4601-a2fe-93f83e56b6e4', '21c35b14-aef8-4c13-9794-4c47c02b4fdc', '0.779', NULL);
INSERT INTO "status_sensors" ("key", "sensor", "statec", "date") VALUES ('5fea58c2-4e2e-432f-8ba6-223408f40000', '07178a4b-eded-48a1-a539-9a9bd2751982', '0.2046', NULL);
INSERT INTO "status_sensors" ("key", "sensor", "statec", "date") VALUES ('7aba22e8-09f3-4288-aa3c-64a3c315e43d', '21c35b14-aef8-4c13-9794-4c47c02b4fdc', '0.66785', NULL);
INSERT INTO "status_sensors" ("key", "sensor", "statec", "date") VALUES ('c7a77fed-4c8a-4b00-bede-f336b2459f1d', '07178a4b-eded-48a1-a539-9a9bd2751982', '0.2054', NULL);
INSERT INTO "status_sensors" ("key", "sensor", "statec", "date") VALUES ('7c5d0abf-f44c-4187-afcb-1be47513d638', '21c35b14-aef8-4c13-9794-4c47c02b4fdc', '0.6802999999999999', NULL);
INSERT INTO "status_sensors" ("key", "sensor", "statec", "date") VALUES ('eda0dcd8-e0e8-4671-8b98-2204aa381d69', '07178a4b-eded-48a1-a539-9a9bd2751982', '0.2059', NULL);
INSERT INTO "status_sensors" ("key", "sensor", "statec", "date") VALUES ('b156c966-15b9-4202-a1d0-75c252cba345', '21c35b14-aef8-4c13-9794-4c47c02b4fdc', '0.58985', NULL);
INSERT INTO "status_sensors" ("key", "sensor", "statec", "date") VALUES ('3d4c0235-8325-4e4c-9c4c-f66b19191534', '07178a4b-eded-48a1-a539-9a9bd2751982', '0.2066', NULL);
INSERT INTO "status_sensors" ("key", "sensor", "statec", "date") VALUES ('325dfb43-e54b-421f-aa56-1fdf3fa8c30e', '21c35b14-aef8-4c13-9794-4c47c02b4fdc', '0.5926', NULL);
INSERT INTO "status_sensors" ("key", "sensor", "statec", "date") VALUES ('a2b9de37-0505-4153-b0e2-fbe46f50c0e3', '07178a4b-eded-48a1-a539-9a9bd2751982', '0.2071', NULL);
INSERT INTO "status_sensors" ("key", "sensor", "statec", "date") VALUES ('8c09f779-01d4-421f-8a1e-3e0d3b2b7cba', '21c35b14-aef8-4c13-9794-4c47c02b4fdc', '0.75075', NULL);
INSERT INTO "status_sensors" ("key", "sensor", "statec", "date") VALUES ('d5a813d2-34da-4a48-af75-340a20933c4a', '07178a4b-eded-48a1-a539-9a9bd2751982', '0.2076', NULL);
INSERT INTO "status_sensors" ("key", "sensor", "statec", "date") VALUES ('6efc0110-999f-4e7b-9681-d22982e0a1a5', '21c35b14-aef8-4c13-9794-4c47c02b4fdc', '0.71035', NULL);
INSERT INTO "status_sensors" ("key", "sensor", "statec", "date") VALUES ('ad9253ba-eb98-4ab5-b3b6-9efbd52a1566', '07178a4b-eded-48a1-a539-9a9bd2751982', '0.2084', NULL);
INSERT INTO "status_sensors" ("key", "sensor", "statec", "date") VALUES ('19be7f8b-377a-4a71-8a8a-ff1991ba341f', '21c35b14-aef8-4c13-9794-4c47c02b4fdc', '0.616', NULL);
INSERT INTO "status_sensors" ("key", "sensor", "statec", "date") VALUES ('1605a862-12be-45cf-a54c-f5fcef2e59e2', '07178a4b-eded-48a1-a539-9a9bd2751982', '0.2086', NULL);
INSERT INTO "status_sensors" ("key", "sensor", "statec", "date") VALUES ('792f1a92-2eee-427b-be71-6e8f0e4e6d66', '21c35b14-aef8-4c13-9794-4c47c02b4fdc', '0.59935', NULL);
INSERT INTO "status_sensors" ("key", "sensor", "statec", "date") VALUES ('c0b54a02-645b-4133-bef8-825fa1938153', '07178a4b-eded-48a1-a539-9a9bd2751982', '0.2091', NULL);
INSERT INTO "status_sensors" ("key", "sensor", "statec", "date") VALUES ('3bc63b00-9a61-4b58-95b6-760191407d6f', '21c35b14-aef8-4c13-9794-4c47c02b4fdc', '0.5441', NULL);
INSERT INTO "status_sensors" ("key", "sensor", "statec", "date") VALUES ('a15fdd00-8d02-47a3-866b-c586974440a7', '07178a4b-eded-48a1-a539-9a9bd2751982', '0.2096', NULL);
INSERT INTO "status_sensors" ("key", "sensor", "statec", "date") VALUES ('99166834-7866-4303-8f4b-31a419ba3dfb', '21c35b14-aef8-4c13-9794-4c47c02b4fdc', '0.75895', NULL);
INSERT INTO "status_sensors" ("key", "sensor", "statec", "date") VALUES ('d384cbee-99ab-4f3f-a75b-5cb39320409a', '07178a4b-eded-48a1-a539-9a9bd2751982', '0.2101', NULL);
INSERT INTO "status_sensors" ("key", "sensor", "statec", "date") VALUES ('e0d1a727-82d3-4c1a-be26-831d18ae7562', '21c35b14-aef8-4c13-9794-4c47c02b4fdc', '0.73425', NULL);
INSERT INTO "status_sensors" ("key", "sensor", "statec", "date") VALUES ('9e9ba787-d641-4745-b916-ce31a994722a', '07178a4b-eded-48a1-a539-9a9bd2751982', '0.21059999999999998', NULL);
INSERT INTO "status_sensors" ("key", "sensor", "statec", "date") VALUES ('fc1b5375-9267-4735-a1d0-ddf9b1f3575e', '21c35b14-aef8-4c13-9794-4c47c02b4fdc', '0.5307999999999999', NULL);
INSERT INTO "status_sensors" ("key", "sensor", "statec", "date") VALUES ('594a929b-3cb6-49ae-9360-fe7a172ba551', '07178a4b-eded-48a1-a539-9a9bd2751982', '0.2111', NULL);
INSERT INTO "status_sensors" ("key", "sensor", "statec", "date") VALUES ('f3e3e14e-0232-4a20-9750-5989839b6bfd', '21c35b14-aef8-4c13-9794-4c47c02b4fdc', '0.60175', NULL);
INSERT INTO "status_sensors" ("key", "sensor", "statec", "date") VALUES ('f8b85c70-7167-4929-8340-0f226911b657', '07178a4b-eded-48a1-a539-9a9bd2751982', '0.2116', NULL);
INSERT INTO "status_sensors" ("key", "sensor", "statec", "date") VALUES ('4db6d02e-c849-46d2-82ec-3a0d0b2578a6', '21c35b14-aef8-4c13-9794-4c47c02b4fdc', '0.5953999999999999', NULL);
INSERT INTO "status_sensors" ("key", "sensor", "statec", "date") VALUES ('53ceb702-da0e-468a-aa04-cdc8e4d2a35d', '07178a4b-eded-48a1-a539-9a9bd2751982', '0.2121', NULL);
INSERT INTO "status_sensors" ("key", "sensor", "statec", "date") VALUES ('f6616def-2d94-4925-86c9-9a90a27cc002', '21c35b14-aef8-4c13-9794-4c47c02b4fdc', '0.6816', NULL);
INSERT INTO "status_sensors" ("key", "sensor", "statec", "date") VALUES ('d14a1aa3-fc13-4947-805b-8582d7b5ca69', '07178a4b-eded-48a1-a539-9a9bd2751982', '0.21239999999999998', NULL);
INSERT INTO "status_sensors" ("key", "sensor", "statec", "date") VALUES ('9ba302a9-ecfe-457c-a0b9-6b2ca17832f5', '21c35b14-aef8-4c13-9794-4c47c02b4fdc', '0.56735', NULL);
INSERT INTO "status_sensors" ("key", "sensor", "statec", "date") VALUES ('1d5afabd-8d21-4e16-9c4a-23da39c58776', '07178a4b-eded-48a1-a539-9a9bd2751982', '0.2129', NULL);
INSERT INTO "status_sensors" ("key", "sensor", "statec", "date") VALUES ('0c96bfe9-5104-49b7-abc6-75d6ffce840e', '21c35b14-aef8-4c13-9794-4c47c02b4fdc', '0.6267999999999999', NULL);
INSERT INTO "status_sensors" ("key", "sensor", "statec", "date") VALUES ('55bc7d0c-c951-4745-911a-e587d1df52cb', '07178a4b-eded-48a1-a539-9a9bd2751982', '0.2134', NULL);
INSERT INTO "status_sensors" ("key", "sensor", "statec", "date") VALUES ('f87cc34c-f603-40b0-917d-4036e5b02819', '21c35b14-aef8-4c13-9794-4c47c02b4fdc', '0.7597999999999999', NULL);
INSERT INTO "status_sensors" ("key", "sensor", "statec", "date") VALUES ('020ee72a-80be-48ef-8423-c62cd1d3a5c1', '07178a4b-eded-48a1-a539-9a9bd2751982', '0.2136', NULL);
INSERT INTO "status_sensors" ("key", "sensor", "statec", "date") VALUES ('7655eece-e6e8-4129-b211-b1a71c096731', '21c35b14-aef8-4c13-9794-4c47c02b4fdc', '0.52985', NULL);
INSERT INTO "status_sensors" ("key", "sensor", "statec", "date") VALUES ('472d7343-0f07-4d11-930a-7786b45aa486', '07178a4b-eded-48a1-a539-9a9bd2751982', '0.2141', NULL);
INSERT INTO "status_sensors" ("key", "sensor", "statec", "date") VALUES ('8047ec19-fc16-4118-8991-ec514392d922', '21c35b14-aef8-4c13-9794-4c47c02b4fdc', '0.6353', NULL);
INSERT INTO "status_sensors" ("key", "sensor", "statec", "date") VALUES ('8ece885b-5e18-4964-90f5-5016851852cb', '07178a4b-eded-48a1-a539-9a9bd2751982', '0.2146', NULL);
INSERT INTO "status_sensors" ("key", "sensor", "statec", "date") VALUES ('7b86c7c0-b33c-407d-8c9f-b54ba58e5199', '21c35b14-aef8-4c13-9794-4c47c02b4fdc', '0.5588', NULL);
INSERT INTO "status_sensors" ("key", "sensor", "statec", "date") VALUES ('3c41f9b2-0f69-4f3c-b7f2-6dd3177ab7d5', '07178a4b-eded-48a1-a539-9a9bd2751982', '0.21489999999999998', NULL);
INSERT INTO "status_sensors" ("key", "sensor", "statec", "date") VALUES ('e72a1587-24ab-4ef6-9262-b4d102d8feef', '21c35b14-aef8-4c13-9794-4c47c02b4fdc', '0.558', NULL);
INSERT INTO "status_sensors" ("key", "sensor", "statec", "date") VALUES ('7c76d5b3-a474-4aa2-9cf4-e86281da9309', '07178a4b-eded-48a1-a539-9a9bd2751982', '0.2154', NULL);
INSERT INTO "status_sensors" ("key", "sensor", "statec", "date") VALUES ('44cb0269-93d3-4cd4-a307-c0c255c556fe', '21c35b14-aef8-4c13-9794-4c47c02b4fdc', '0.5151', NULL);
INSERT INTO "status_sensors" ("key", "sensor", "statec", "date") VALUES ('6cc87dff-edbf-475f-a2a4-fc61155970f6', '07178a4b-eded-48a1-a539-9a9bd2751982', '0.2159', NULL);
INSERT INTO "status_sensors" ("key", "sensor", "statec", "date") VALUES ('d9ce591b-4696-4522-afaf-0602908b2194', '21c35b14-aef8-4c13-9794-4c47c02b4fdc', '0.62225', NULL);
INSERT INTO "status_sensors" ("key", "sensor", "statec", "date") VALUES ('84bc6824-b27f-4d88-a606-2fd6412646bf', '07178a4b-eded-48a1-a539-9a9bd2751982', '0.2164', NULL);
INSERT INTO "status_sensors" ("key", "sensor", "statec", "date") VALUES ('9ff9d87f-e9eb-4ad8-acfd-4d01ad312090', '21c35b14-aef8-4c13-9794-4c47c02b4fdc', '0.63185', NULL);
INSERT INTO "status_sensors" ("key", "sensor", "statec", "date") VALUES ('eaf6cb8e-84d1-4b17-8427-7dce23ec35ae', '07178a4b-eded-48a1-a539-9a9bd2751982', '0.21660000000000001', NULL);
INSERT INTO "status_sensors" ("key", "sensor", "statec", "date") VALUES ('f9cbb249-053f-4faa-bbbf-954aca1e9c87', '21c35b14-aef8-4c13-9794-4c47c02b4fdc', '0.52725', NULL);
INSERT INTO "status_sensors" ("key", "sensor", "statec", "date") VALUES ('96c430ad-a8e3-4ec0-b2ec-8dab955b1caf', '07178a4b-eded-48a1-a539-9a9bd2751982', '0.21710000000000002', NULL);
INSERT INTO "status_sensors" ("key", "sensor", "statec", "date") VALUES ('ac398068-d9c8-4bba-a135-58bc83c5185f', '21c35b14-aef8-4c13-9794-4c47c02b4fdc', '0.5867', NULL);
INSERT INTO "status_sensors" ("key", "sensor", "statec", "date") VALUES ('8fafc411-7ed7-43e2-bcf4-dbfc3edbd994', '07178a4b-eded-48a1-a539-9a9bd2751982', '0.21760000000000002', NULL);
INSERT INTO "status_sensors" ("key", "sensor", "statec", "date") VALUES ('637b38fd-2e17-41c0-a5b9-579b972d3355', '21c35b14-aef8-4c13-9794-4c47c02b4fdc', '0.5917', NULL);
INSERT INTO "status_sensors" ("key", "sensor", "statec", "date") VALUES ('cb46de6e-76ec-410a-a981-9b6c8e4d4e04', '07178a4b-eded-48a1-a539-9a9bd2751982', '0.2181', NULL);
INSERT INTO "status_sensors" ("key", "sensor", "statec", "date") VALUES ('a1f10e1e-b402-4faa-92d7-ae02221553fe', '21c35b14-aef8-4c13-9794-4c47c02b4fdc', '0.67925', NULL);
INSERT INTO "status_sensors" ("key", "sensor", "statec", "date") VALUES ('2bb0f27b-f756-4500-bbad-019676da073b', '07178a4b-eded-48a1-a539-9a9bd2751982', '0.2184', NULL);
INSERT INTO "status_sensors" ("key", "sensor", "statec", "date") VALUES ('089a78b6-e409-400e-81b0-3ff761ebc7e7', '21c35b14-aef8-4c13-9794-4c47c02b4fdc', '0.6404500000000001', NULL);
INSERT INTO "status_sensors" ("key", "sensor", "statec", "date") VALUES ('b624b2e4-6887-4f92-a9f1-9d77a78294df', '07178a4b-eded-48a1-a539-9a9bd2751982', '0.2189', NULL);
INSERT INTO "status_sensors" ("key", "sensor", "statec", "date") VALUES ('130b24fe-caa6-4fc1-bba5-f1f0b33219a0', '21c35b14-aef8-4c13-9794-4c47c02b4fdc', '0.6592', NULL);
INSERT INTO "status_sensors" ("key", "sensor", "statec", "date") VALUES ('6fe6286b-27b6-4237-a029-1d9253d17f03', '07178a4b-eded-48a1-a539-9a9bd2751982', '0.21910000000000002', NULL);
INSERT INTO "status_sensors" ("key", "sensor", "statec", "date") VALUES ('28f7f80d-aa3a-43fb-9d51-34b96f097b64', '21c35b14-aef8-4c13-9794-4c47c02b4fdc', '0.60175', NULL);
INSERT INTO "status_sensors" ("key", "sensor", "statec", "date") VALUES ('9fa5e8d4-bb3e-4fdc-9c8a-e571133f52e7', '07178a4b-eded-48a1-a539-9a9bd2751982', '0.21960000000000002', NULL);
INSERT INTO "status_sensors" ("key", "sensor", "statec", "date") VALUES ('0e9ccd50-d046-4228-8dfc-9eee774e5fb0', '21c35b14-aef8-4c13-9794-4c47c02b4fdc', '0.6570499999999999', NULL);
INSERT INTO "status_sensors" ("key", "sensor", "statec", "date") VALUES ('45a0c0f6-3f27-4b7b-9fd6-429ddbac12e0', '07178a4b-eded-48a1-a539-9a9bd2751982', '0.21989999999999998', NULL);
INSERT INTO "status_sensors" ("key", "sensor", "statec", "date") VALUES ('cd04681e-7a84-468a-9bf0-9ae8a234fcb6', '21c35b14-aef8-4c13-9794-4c47c02b4fdc', '0.52875', NULL);
INSERT INTO "status_sensors" ("key", "sensor", "statec", "date") VALUES ('cbcfbc9e-0406-4ea5-9416-6d644150fd46', '07178a4b-eded-48a1-a539-9a9bd2751982', '0.22010000000000002', NULL);
INSERT INTO "status_sensors" ("key", "sensor", "statec", "date") VALUES ('e177a91b-0c73-4e17-82a6-8519d7217c4e', '21c35b14-aef8-4c13-9794-4c47c02b4fdc', '0.7562000000000001', NULL);
INSERT INTO "status_sensors" ("key", "sensor", "statec", "date") VALUES ('81e399aa-d091-4aee-b948-c6c126b1da9d', '07178a4b-eded-48a1-a539-9a9bd2751982', '0.2206', NULL);
INSERT INTO "status_sensors" ("key", "sensor", "statec", "date") VALUES ('2b519cf2-f381-4fa5-8e76-8c49f40e90e6', '21c35b14-aef8-4c13-9794-4c47c02b4fdc', '0.64235', NULL);
INSERT INTO "status_sensors" ("key", "sensor", "statec", "date") VALUES ('3198c37a-923e-4090-8480-5ad5375a3d07', '07178a4b-eded-48a1-a539-9a9bd2751982', '0.2209', NULL);
INSERT INTO "status_sensors" ("key", "sensor", "statec", "date") VALUES ('ecb38aaa-3b77-4948-869c-7243efd026e3', '21c35b14-aef8-4c13-9794-4c47c02b4fdc', '0.6153', NULL);
INSERT INTO "status_sensors" ("key", "sensor", "statec", "date") VALUES ('29122bab-28c8-4301-a162-708cb195a7e9', '07178a4b-eded-48a1-a539-9a9bd2751982', '0.2211', NULL);
INSERT INTO "status_sensors" ("key", "sensor", "statec", "date") VALUES ('cfd63785-1d15-47e7-8918-3a2afd96b2c9', '21c35b14-aef8-4c13-9794-4c47c02b4fdc', '0.5464', NULL);
INSERT INTO "status_sensors" ("key", "sensor", "statec", "date") VALUES ('5333f00b-0f7f-417a-8b90-794c9faa0c44', '07178a4b-eded-48a1-a539-9a9bd2751982', '0.2214', NULL);
INSERT INTO "status_sensors" ("key", "sensor", "statec", "date") VALUES ('8adc2847-e3e5-4c54-90a0-420944a57c8f', '21c35b14-aef8-4c13-9794-4c47c02b4fdc', '0.6401', NULL);
INSERT INTO "status_sensors" ("key", "sensor", "statec", "date") VALUES ('acdd6690-9e1f-486a-a17a-1efa219b6bea', '07178a4b-eded-48a1-a539-9a9bd2751982', '0.22160000000000002', NULL);
INSERT INTO "status_sensors" ("key", "sensor", "statec", "date") VALUES ('2f51d35f-1203-43b1-83e6-f9434a58b226', '21c35b14-aef8-4c13-9794-4c47c02b4fdc', '0.5403', NULL);
INSERT INTO "status_sensors" ("key", "sensor", "statec", "date") VALUES ('14b5812c-3af0-4e4b-bb6c-b3bd26cf717e', '07178a4b-eded-48a1-a539-9a9bd2751982', '0.22160000000000002', NULL);
INSERT INTO "status_sensors" ("key", "sensor", "statec", "date") VALUES ('0a0bd329-14ad-45a9-bda9-6f53b661bd30', '21c35b14-aef8-4c13-9794-4c47c02b4fdc', '0.57135', NULL);
INSERT INTO "status_sensors" ("key", "sensor", "statec", "date") VALUES ('c52a6c22-7288-427e-9771-4d0c8331eb64', '07178a4b-eded-48a1-a539-9a9bd2751982', '0.22190000000000001', NULL);
INSERT INTO "status_sensors" ("key", "sensor", "statec", "date") VALUES ('b1d9c600-35e1-4f08-8761-752f8712156b', '21c35b14-aef8-4c13-9794-4c47c02b4fdc', '0.6219', NULL);
INSERT INTO "status_sensors" ("key", "sensor", "statec", "date") VALUES ('65ada5bc-4908-456d-be99-dc7138f852b7', '07178a4b-eded-48a1-a539-9a9bd2751982', '0.22210000000000002', NULL);
INSERT INTO "status_sensors" ("key", "sensor", "statec", "date") VALUES ('94f44e78-9834-4dd4-9cd6-83e3e6d9bc1d', '21c35b14-aef8-4c13-9794-4c47c02b4fdc', '0.65435', NULL);
INSERT INTO "status_sensors" ("key", "sensor", "statec", "date") VALUES ('a25f45ed-a648-4a16-9b74-eec1f368f9b4', '07178a4b-eded-48a1-a539-9a9bd2751982', '0.22210000000000002', NULL);
INSERT INTO "status_sensors" ("key", "sensor", "statec", "date") VALUES ('1cf87c5a-fd98-433f-aabf-7e5aefd784bd', '21c35b14-aef8-4c13-9794-4c47c02b4fdc', '0.54515', NULL);
INSERT INTO "status_sensors" ("key", "sensor", "statec", "date") VALUES ('bb802862-e748-4700-b3f1-e73f8315a200', '07178a4b-eded-48a1-a539-9a9bd2751982', '0.22210000000000002', NULL);
INSERT INTO "status_sensors" ("key", "sensor", "statec", "date") VALUES ('9b413c2b-3946-41d6-82ca-39aebe23e0f5', '21c35b14-aef8-4c13-9794-4c47c02b4fdc', '0.54', NULL);
INSERT INTO "status_sensors" ("key", "sensor", "statec", "date") VALUES ('1cf1332e-cc96-4f91-9170-4b54271fac12', '07178a4b-eded-48a1-a539-9a9bd2751982', '0.2224', NULL);
INSERT INTO "status_sensors" ("key", "sensor", "statec", "date") VALUES ('98f0ac83-4941-4e6b-ba7f-cbf1d3336da3', '21c35b14-aef8-4c13-9794-4c47c02b4fdc', '0.608', NULL);
INSERT INTO "status_sensors" ("key", "sensor", "statec", "date") VALUES ('620e6622-1e47-450d-b0be-32df7b418918', '07178a4b-eded-48a1-a539-9a9bd2751982', '0.22260000000000002', NULL);
INSERT INTO "status_sensors" ("key", "sensor", "statec", "date") VALUES ('79115772-800a-41a4-93ef-49fae8851ce5', '21c35b14-aef8-4c13-9794-4c47c02b4fdc', '0.64725', NULL);
INSERT INTO "status_sensors" ("key", "sensor", "statec", "date") VALUES ('f0f69a48-6ef5-43ff-8b23-b9069765e319', '07178a4b-eded-48a1-a539-9a9bd2751982', '0.22260000000000002', NULL);
INSERT INTO "status_sensors" ("key", "sensor", "statec", "date") VALUES ('34f15865-2771-4176-b792-c8a5d34ae6aa', '21c35b14-aef8-4c13-9794-4c47c02b4fdc', '0.58205', NULL);
INSERT INTO "status_sensors" ("key", "sensor", "statec", "date") VALUES ('6b26360c-3646-49d2-9da3-97b1f91b73cd', '07178a4b-eded-48a1-a539-9a9bd2751982', '0.2229', NULL);
INSERT INTO "status_sensors" ("key", "sensor", "statec", "date") VALUES ('e1b8f8fd-f053-444b-badc-bef4a9f575f9', '21c35b14-aef8-4c13-9794-4c47c02b4fdc', '0.7636499999999999', NULL);
INSERT INTO "status_sensors" ("key", "sensor", "statec", "date") VALUES ('5ae35e54-b737-4bd6-ac1e-e5e88566806d', '07178a4b-eded-48a1-a539-9a9bd2751982', '0.2229', NULL);
INSERT INTO "status_sensors" ("key", "sensor", "statec", "date") VALUES ('01f677e0-baaf-4bd8-ad0c-8df6ff7141a5', '21c35b14-aef8-4c13-9794-4c47c02b4fdc', '0.58575', NULL);
INSERT INTO "status_sensors" ("key", "sensor", "statec", "date") VALUES ('c82d0450-90ae-4bb0-93bb-acb4100087ab', '07178a4b-eded-48a1-a539-9a9bd2751982', '0.2229', NULL);
INSERT INTO "status_sensors" ("key", "sensor", "statec", "date") VALUES ('b1b9b7f1-8879-42dc-a2c7-a79c0440a0d2', '21c35b14-aef8-4c13-9794-4c47c02b4fdc', '0.7546', NULL);
INSERT INTO "status_sensors" ("key", "sensor", "statec", "date") VALUES ('bbcea95e-a6e4-49de-9b6c-4c496c895bd3', '07178a4b-eded-48a1-a539-9a9bd2751982', '0.2229', NULL);
INSERT INTO "status_sensors" ("key", "sensor", "statec", "date") VALUES ('52d2dffd-d7ce-4589-a0c3-43f19d67c9f9', '21c35b14-aef8-4c13-9794-4c47c02b4fdc', '0.65255', NULL);
INSERT INTO "status_sensors" ("key", "sensor", "statec", "date") VALUES ('fbda556f-00a4-4968-9dcd-748173797642', '07178a4b-eded-48a1-a539-9a9bd2751982', '0.2229', NULL);
INSERT INTO "status_sensors" ("key", "sensor", "statec", "date") VALUES ('3501398b-f504-4d44-a297-850dcf5e5ef3', '21c35b14-aef8-4c13-9794-4c47c02b4fdc', '0.78535', NULL);
INSERT INTO "status_sensors" ("key", "sensor", "statec", "date") VALUES ('943d2fd6-487d-49c6-8a65-9d5887789505', '07178a4b-eded-48a1-a539-9a9bd2751982', '0.2229', NULL);
INSERT INTO "status_sensors" ("key", "sensor", "statec", "date") VALUES ('bb71be89-f4d6-449b-b5fd-67bb94c39ddd', '21c35b14-aef8-4c13-9794-4c47c02b4fdc', '0.6065499999999999', NULL);
INSERT INTO "status_sensors" ("key", "sensor", "statec", "date") VALUES ('585730de-793b-46fe-b9cd-0327057ec863', '07178a4b-eded-48a1-a539-9a9bd2751982', '0.2231', NULL);
INSERT INTO "status_sensors" ("key", "sensor", "statec", "date") VALUES ('dded37dd-9484-4c93-9f31-d794221daaf3', '21c35b14-aef8-4c13-9794-4c47c02b4fdc', '0.5428', NULL);
INSERT INTO "status_sensors" ("key", "sensor", "statec", "date") VALUES ('48ac1a92-7a15-41e5-a8c2-9ac7799f260c', '07178a4b-eded-48a1-a539-9a9bd2751982', '0.2229', NULL);
INSERT INTO "status_sensors" ("key", "sensor", "statec", "date") VALUES ('eed5d496-0221-4554-b9b9-ff14e20f0003', '21c35b14-aef8-4c13-9794-4c47c02b4fdc', '0.6861499999999999', NULL);
INSERT INTO "status_sensors" ("key", "sensor", "statec", "date") VALUES ('033f298e-7f3d-4fe7-ada7-bacc9d16a6fa', '07178a4b-eded-48a1-a539-9a9bd2751982', '0.2229', NULL);
INSERT INTO "status_sensors" ("key", "sensor", "statec", "date") VALUES ('8c7a3dd1-9ace-4b23-9e00-d2eede718c66', '21c35b14-aef8-4c13-9794-4c47c02b4fdc', '0.5481', NULL);
INSERT INTO "status_sensors" ("key", "sensor", "statec", "date") VALUES ('0be857b8-61c2-4d49-b3a5-b9973c01b120', '07178a4b-eded-48a1-a539-9a9bd2751982', '0.2229', NULL);
INSERT INTO "status_sensors" ("key", "sensor", "statec", "date") VALUES ('f4ee3219-7836-4849-b0ac-d491b437c78d', '21c35b14-aef8-4c13-9794-4c47c02b4fdc', '0.70885', NULL);
INSERT INTO "status_sensors" ("key", "sensor", "statec", "date") VALUES ('7f06e770-b2de-4383-85e4-2512173da972', '07178a4b-eded-48a1-a539-9a9bd2751982', '0.2229', NULL);
INSERT INTO "status_sensors" ("key", "sensor", "statec", "date") VALUES ('9ed5df65-b33b-4084-bad0-b9b98bfe48ee', '21c35b14-aef8-4c13-9794-4c47c02b4fdc', '0.62895', NULL);
INSERT INTO "status_sensors" ("key", "sensor", "statec", "date") VALUES ('e7c96a91-2f01-4c4c-8fa0-c0b9a4e3291f', '07178a4b-eded-48a1-a539-9a9bd2751982', '0.2229', NULL);
INSERT INTO "status_sensors" ("key", "sensor", "statec", "date") VALUES ('a6591d98-8a9f-4c50-af8c-00c8e6e7de06', '21c35b14-aef8-4c13-9794-4c47c02b4fdc', '0.69065', NULL);
INSERT INTO "status_sensors" ("key", "sensor", "statec", "date") VALUES ('81edc4cc-16ea-4a11-a8af-4fd566f13cbf', '07178a4b-eded-48a1-a539-9a9bd2751982', '0.2229', NULL);
INSERT INTO "status_sensors" ("key", "sensor", "statec", "date") VALUES ('48b5df2d-36f5-4edc-b3e6-5d4d4d57587e', '21c35b14-aef8-4c13-9794-4c47c02b4fdc', '0.58645', NULL);
INSERT INTO "status_sensors" ("key", "sensor", "statec", "date") VALUES ('3598435b-6fd4-4645-b990-e791e6c5cd23', '07178a4b-eded-48a1-a539-9a9bd2751982', '0.2229', NULL);
INSERT INTO "status_sensors" ("key", "sensor", "statec", "date") VALUES ('ef1740ad-9a0b-41b9-874a-d873494b659d', '21c35b14-aef8-4c13-9794-4c47c02b4fdc', '0.6186499999999999', NULL);
INSERT INTO "status_sensors" ("key", "sensor", "statec", "date") VALUES ('465ab642-ccaf-4750-a2e2-51f8ba4019f3', '07178a4b-eded-48a1-a539-9a9bd2751982', '0.2229', NULL);
INSERT INTO "status_sensors" ("key", "sensor", "statec", "date") VALUES ('8d29d101-8a83-496a-8f41-a5bf7f8d2eaa', '21c35b14-aef8-4c13-9794-4c47c02b4fdc', '0.64195', NULL);
INSERT INTO "status_sensors" ("key", "sensor", "statec", "date") VALUES ('2401ddf7-209d-4942-8020-93f35ae4691f', '07178a4b-eded-48a1-a539-9a9bd2751982', '0.2229', NULL);
INSERT INTO "status_sensors" ("key", "sensor", "statec", "date") VALUES ('e61f0b01-5cce-4329-ba6c-b2c1acbffe64', '21c35b14-aef8-4c13-9794-4c47c02b4fdc', '0.6007', NULL);
INSERT INTO "status_sensors" ("key", "sensor", "statec", "date") VALUES ('03e19144-f896-4c96-97fc-5c790c1c0567', '07178a4b-eded-48a1-a539-9a9bd2751982', '0.2229', NULL);
INSERT INTO "status_sensors" ("key", "sensor", "statec", "date") VALUES ('ed7989d0-982e-4bc7-b288-367d7ce578aa', '21c35b14-aef8-4c13-9794-4c47c02b4fdc', '0.76825', NULL);
INSERT INTO "status_sensors" ("key", "sensor", "statec", "date") VALUES ('799ccdb1-f4e0-4188-8353-22c1f8b56553', '07178a4b-eded-48a1-a539-9a9bd2751982', '0.2229', NULL);
INSERT INTO "status_sensors" ("key", "sensor", "statec", "date") VALUES ('6949b2b2-6e6f-40e0-a1dc-c9dfde802656', '21c35b14-aef8-4c13-9794-4c47c02b4fdc', '0.5719500000000001', NULL);
INSERT INTO "status_sensors" ("key", "sensor", "statec", "date") VALUES ('3e85cd8a-e83f-4ac1-86bf-01013a0ac614', '07178a4b-eded-48a1-a539-9a9bd2751982', '0.2229', NULL);
INSERT INTO "status_sensors" ("key", "sensor", "statec", "date") VALUES ('669fbbc7-efa3-4585-96ab-9f73237643e7', '21c35b14-aef8-4c13-9794-4c47c02b4fdc', '0.7112999999999999', NULL);
INSERT INTO "status_sensors" ("key", "sensor", "statec", "date") VALUES ('2c11a171-9083-4921-9619-c95963e2b9ee', '07178a4b-eded-48a1-a539-9a9bd2751982', '0.2229', NULL);
INSERT INTO "status_sensors" ("key", "sensor", "statec", "date") VALUES ('a80a2e3f-f232-459d-ab5f-388418ace7b4', '21c35b14-aef8-4c13-9794-4c47c02b4fdc', '0.526', NULL);
INSERT INTO "status_sensors" ("key", "sensor", "statec", "date") VALUES ('6e36704a-b8fc-4ec9-814f-17eab2152750', '07178a4b-eded-48a1-a539-9a9bd2751982', '0.2229', NULL);
INSERT INTO "status_sensors" ("key", "sensor", "statec", "date") VALUES ('458e7f7e-1dfc-4b6f-b410-b3bc06a8e184', '21c35b14-aef8-4c13-9794-4c47c02b4fdc', '0.6938', NULL);
INSERT INTO "status_sensors" ("key", "sensor", "statec", "date") VALUES ('869067d2-9ed0-4e7a-96f8-fd14bf1e0d62', '07178a4b-eded-48a1-a539-9a9bd2751982', '0.2229', NULL);
INSERT INTO "status_sensors" ("key", "sensor", "statec", "date") VALUES ('d4981f0e-4ddb-43e3-8346-4397209ee9d6', '21c35b14-aef8-4c13-9794-4c47c02b4fdc', '0.6500499999999999', NULL);
INSERT INTO "status_sensors" ("key", "sensor", "statec", "date") VALUES ('459697d7-c22a-4377-bbf2-14f1bf109f48', '07178a4b-eded-48a1-a539-9a9bd2751982', '0.2229', NULL);
INSERT INTO "status_sensors" ("key", "sensor", "statec", "date") VALUES ('b9872f61-3ebe-48a6-bc2c-1f2cc2bf546b', '21c35b14-aef8-4c13-9794-4c47c02b4fdc', '0.748', NULL);
INSERT INTO "status_sensors" ("key", "sensor", "statec", "date") VALUES ('4b848146-5450-4a0b-a496-193238f444e9', '07178a4b-eded-48a1-a539-9a9bd2751982', '0.2229', NULL);
INSERT INTO "status_sensors" ("key", "sensor", "statec", "date") VALUES ('973fda3a-b368-497c-9cb8-af3edaadd3d8', '21c35b14-aef8-4c13-9794-4c47c02b4fdc', '0.5524', NULL);
INSERT INTO "status_sensors" ("key", "sensor", "statec", "date") VALUES ('c7e3b2f9-c0e9-483e-bd86-7ed50e9df046', '07178a4b-eded-48a1-a539-9a9bd2751982', '0.2229', NULL);
INSERT INTO "status_sensors" ("key", "sensor", "statec", "date") VALUES ('e0b20b0b-1982-4407-82e3-94be783d4999', '21c35b14-aef8-4c13-9794-4c47c02b4fdc', '0.558', NULL);
INSERT INTO "status_sensors" ("key", "sensor", "statec", "date") VALUES ('7afbccd2-311e-4655-892e-19572f3b8501', '07178a4b-eded-48a1-a539-9a9bd2751982', '0.2229', NULL);
INSERT INTO "status_sensors" ("key", "sensor", "statec", "date") VALUES ('94cb6f75-da63-425b-9ba9-0d74bc30dafc', '21c35b14-aef8-4c13-9794-4c47c02b4fdc', '0.5555', NULL);
INSERT INTO "status_sensors" ("key", "sensor", "statec", "date") VALUES ('1eac1db6-4c58-4d59-8b9f-c8eac45a5022', '07178a4b-eded-48a1-a539-9a9bd2751982', '0.2229', NULL);
INSERT INTO "status_sensors" ("key", "sensor", "statec", "date") VALUES ('f69f612d-16f3-43ba-beda-e3fa8b7cbff0', '21c35b14-aef8-4c13-9794-4c47c02b4fdc', '0.64435', NULL);
INSERT INTO "status_sensors" ("key", "sensor", "statec", "date") VALUES ('f3c051eb-4836-4a97-91d9-f71e6e444632', '07178a4b-eded-48a1-a539-9a9bd2751982', '0.2229', NULL);
INSERT INTO "status_sensors" ("key", "sensor", "statec", "date") VALUES ('ae8f3b0b-bc7b-451f-8fd9-19df78447903', '21c35b14-aef8-4c13-9794-4c47c02b4fdc', '0.6771', NULL);
INSERT INTO "status_sensors" ("key", "sensor", "statec", "date") VALUES ('f8b11f85-80f3-4c03-93f4-1588c119af5c', '07178a4b-eded-48a1-a539-9a9bd2751982', '0.2229', NULL);
INSERT INTO "status_sensors" ("key", "sensor", "statec", "date") VALUES ('eb00c6ff-b517-4b5c-ae86-62ffe698f1ba', '21c35b14-aef8-4c13-9794-4c47c02b4fdc', '0.5775', NULL);
INSERT INTO "status_sensors" ("key", "sensor", "statec", "date") VALUES ('c17db8d8-ccb1-4bc9-b9aa-5dd3c7f29318', '07178a4b-eded-48a1-a539-9a9bd2751982', '0.2229', NULL);
INSERT INTO "status_sensors" ("key", "sensor", "statec", "date") VALUES ('e3ce7db9-1577-4827-bf64-78ef2e6761fc', '21c35b14-aef8-4c13-9794-4c47c02b4fdc', '0.69625', NULL);
INSERT INTO "status_sensors" ("key", "sensor", "statec", "date") VALUES ('91c5d5cb-183b-4751-b9e0-bb9ef74c4512', '07178a4b-eded-48a1-a539-9a9bd2751982', '0.2229', NULL);
INSERT INTO "status_sensors" ("key", "sensor", "statec", "date") VALUES ('214da499-491c-4540-a95a-f4f79be43122', '21c35b14-aef8-4c13-9794-4c47c02b4fdc', '0.68975', NULL);
INSERT INTO "status_sensors" ("key", "sensor", "statec", "date") VALUES ('cde9cf5c-11f3-4d8e-abcd-953fe9a9daba', '07178a4b-eded-48a1-a539-9a9bd2751982', '0.2229', NULL);
INSERT INTO "status_sensors" ("key", "sensor", "statec", "date") VALUES ('214b22f1-3591-4e47-a0fc-006e57742a7d', '21c35b14-aef8-4c13-9794-4c47c02b4fdc', '0.64475', NULL);
INSERT INTO "status_sensors" ("key", "sensor", "statec", "date") VALUES ('c19833de-6558-4ee4-befb-50a9d0c41ee7', '07178a4b-eded-48a1-a539-9a9bd2751982', '0.2229', NULL);
INSERT INTO "status_sensors" ("key", "sensor", "statec", "date") VALUES ('2430fb10-dc86-4fdf-9134-22100e58d03e', '21c35b14-aef8-4c13-9794-4c47c02b4fdc', '0.6568999999999999', NULL);
INSERT INTO "status_sensors" ("key", "sensor", "statec", "date") VALUES ('00578d9e-639c-4ae8-9221-0ac5cc573d0a', '07178a4b-eded-48a1-a539-9a9bd2751982', '0.22260000000000002', NULL);
INSERT INTO "status_sensors" ("key", "sensor", "statec", "date") VALUES ('5a23702d-6157-4c06-a21e-5a7eb6e8b013', '21c35b14-aef8-4c13-9794-4c47c02b4fdc', '0.55945', NULL);
INSERT INTO "status_sensors" ("key", "sensor", "statec", "date") VALUES ('5e36da16-eb57-427a-8b1a-186387d2dcba', '07178a4b-eded-48a1-a539-9a9bd2751982', '0.22260000000000002', NULL);
INSERT INTO "status_sensors" ("key", "sensor", "statec", "date") VALUES ('9c97c85c-6ca7-4336-addd-390fbdbf3d1d', '21c35b14-aef8-4c13-9794-4c47c02b4fdc', '0.7452000000000001', NULL);
INSERT INTO "status_sensors" ("key", "sensor", "statec", "date") VALUES ('93bfea94-5aed-4406-be63-adfd18e8dc44', '07178a4b-eded-48a1-a539-9a9bd2751982', '0.22260000000000002', NULL);
INSERT INTO "status_sensors" ("key", "sensor", "statec", "date") VALUES ('86c78041-c1de-4b61-9006-e0c427b9624d', '21c35b14-aef8-4c13-9794-4c47c02b4fdc', '0.5976', NULL);
INSERT INTO "status_sensors" ("key", "sensor", "statec", "date") VALUES ('ba9daf48-0f14-4253-af1d-31cbf4e2ded0', '07178a4b-eded-48a1-a539-9a9bd2751982', '0.22260000000000002', NULL);
INSERT INTO "status_sensors" ("key", "sensor", "statec", "date") VALUES ('643816c9-2345-45f7-af5f-be388d49b0f2', '21c35b14-aef8-4c13-9794-4c47c02b4fdc', '0.7486499999999999', NULL);
INSERT INTO "status_sensors" ("key", "sensor", "statec", "date") VALUES ('4d7ee588-b021-4390-bfd0-aba7bfeb33e0', '07178a4b-eded-48a1-a539-9a9bd2751982', '0.2224', NULL);
INSERT INTO "status_sensors" ("key", "sensor", "statec", "date") VALUES ('18b58ff5-1e15-4508-ab33-2bb50f74821a', '21c35b14-aef8-4c13-9794-4c47c02b4fdc', '0.6726', NULL);
INSERT INTO "status_sensors" ("key", "sensor", "statec", "date") VALUES ('22297df2-2765-4761-bb59-5ec545fc4358', '07178a4b-eded-48a1-a539-9a9bd2751982', '0.2224', NULL);
INSERT INTO "status_sensors" ("key", "sensor", "statec", "date") VALUES ('15fd4896-d65f-4e22-86ac-d303881db36f', '21c35b14-aef8-4c13-9794-4c47c02b4fdc', '0.6534', NULL);
INSERT INTO "status_sensors" ("key", "sensor", "statec", "date") VALUES ('6c07a064-525b-4b27-a778-94c04e3e165d', '07178a4b-eded-48a1-a539-9a9bd2751982', '0.2224', NULL);
INSERT INTO "status_sensors" ("key", "sensor", "statec", "date") VALUES ('aed123f5-8f18-4fa6-a513-e78d1e611ea5', '21c35b14-aef8-4c13-9794-4c47c02b4fdc', '0.52965', NULL);
INSERT INTO "status_sensors" ("key", "sensor", "statec", "date") VALUES ('686f7e89-7a30-402e-9eeb-b9ed314b1548', '07178a4b-eded-48a1-a539-9a9bd2751982', '0.2224', NULL);
INSERT INTO "status_sensors" ("key", "sensor", "statec", "date") VALUES ('c9bb2751-593d-4a1f-a679-1a594439b5fb', '21c35b14-aef8-4c13-9794-4c47c02b4fdc', '0.59815', NULL);
INSERT INTO "status_sensors" ("key", "sensor", "statec", "date") VALUES ('669bcd09-0764-4e51-8cbf-bbf43c52ee6f', '07178a4b-eded-48a1-a539-9a9bd2751982', '0.2224', NULL);
INSERT INTO "status_sensors" ("key", "sensor", "statec", "date") VALUES ('7cffd6f9-6d4c-47d8-82e0-a6ee5de74d8c', '21c35b14-aef8-4c13-9794-4c47c02b4fdc', '0.616', NULL);
INSERT INTO "status_sensors" ("key", "sensor", "statec", "date") VALUES ('979cfa68-0350-43a9-bad2-8ec2a337a6af', '07178a4b-eded-48a1-a539-9a9bd2751982', '0.2224', NULL);
INSERT INTO "status_sensors" ("key", "sensor", "statec", "date") VALUES ('0b7a955a-532e-49e9-8ca2-0bd5fb18020b', '21c35b14-aef8-4c13-9794-4c47c02b4fdc', '0.57545', NULL);
INSERT INTO "status_sensors" ("key", "sensor", "statec", "date") VALUES ('76b14579-2649-4a45-8db3-e0dd96b2fef6', '07178a4b-eded-48a1-a539-9a9bd2751982', '0.22210000000000002', NULL);
INSERT INTO "status_sensors" ("key", "sensor", "statec", "date") VALUES ('b2af3696-a081-4af4-af83-f70ad114741f', '21c35b14-aef8-4c13-9794-4c47c02b4fdc', '0.73415', NULL);
INSERT INTO "status_sensors" ("key", "sensor", "statec", "date") VALUES ('c49b7733-3a49-40e1-9e87-14c0268315b0', '07178a4b-eded-48a1-a539-9a9bd2751982', '0.22210000000000002', NULL);
INSERT INTO "status_sensors" ("key", "sensor", "statec", "date") VALUES ('5572ebbd-a67d-477b-b4f0-2d6ea63c92b8', '21c35b14-aef8-4c13-9794-4c47c02b4fdc', '0.6367999999999999', NULL);
INSERT INTO "status_sensors" ("key", "sensor", "statec", "date") VALUES ('ec41a12a-a894-4031-86a4-7f0a5bfb7e2e', '07178a4b-eded-48a1-a539-9a9bd2751982', '0.22210000000000002', NULL);
INSERT INTO "status_sensors" ("key", "sensor", "statec", "date") VALUES ('ee5148b7-c408-43f8-ac39-025c67fc7e58', '21c35b14-aef8-4c13-9794-4c47c02b4fdc', '0.79825', NULL);
INSERT INTO "status_sensors" ("key", "sensor", "statec", "date") VALUES ('5ebd461f-446f-4ec7-95a7-ceb577c7f898', '07178a4b-eded-48a1-a539-9a9bd2751982', '0.22210000000000002', NULL);
INSERT INTO "status_sensors" ("key", "sensor", "statec", "date") VALUES ('8e80dc4b-8a91-47ee-a8e7-5823ce7f5880', '21c35b14-aef8-4c13-9794-4c47c02b4fdc', '0.5841000000000001', NULL);
INSERT INTO "status_sensors" ("key", "sensor", "statec", "date") VALUES ('6185a29e-8214-4cc3-bfd2-f715cd33928b', '07178a4b-eded-48a1-a539-9a9bd2751982', '0.22210000000000002', NULL);
INSERT INTO "status_sensors" ("key", "sensor", "statec", "date") VALUES ('756e20e9-68a0-40ee-bce1-e0d6356610ee', '21c35b14-aef8-4c13-9794-4c47c02b4fdc', '0.7644', NULL);
INSERT INTO "status_sensors" ("key", "sensor", "statec", "date") VALUES ('38d6237a-05a5-4029-a6d9-91d2dfd83ce2', '07178a4b-eded-48a1-a539-9a9bd2751982', '0.22190000000000001', NULL);
INSERT INTO "status_sensors" ("key", "sensor", "statec", "date") VALUES ('d31318ed-b466-4eef-b19b-fa612bea56bd', '21c35b14-aef8-4c13-9794-4c47c02b4fdc', '0.5397000000000001', NULL);
INSERT INTO "status_sensors" ("key", "sensor", "statec", "date") VALUES ('8cd9f35a-b73f-4730-8a36-565a7685944e', '07178a4b-eded-48a1-a539-9a9bd2751982', '0.22190000000000001', NULL);
INSERT INTO "status_sensors" ("key", "sensor", "statec", "date") VALUES ('e02256fc-553e-4218-b332-cc0401cb4fc7', '21c35b14-aef8-4c13-9794-4c47c02b4fdc', '0.67825', NULL);
INSERT INTO "status_sensors" ("key", "sensor", "statec", "date") VALUES ('76d74a0f-6630-4a2d-a97d-0c230088ba09', '07178a4b-eded-48a1-a539-9a9bd2751982', '0.22190000000000001', NULL);
INSERT INTO "status_sensors" ("key", "sensor", "statec", "date") VALUES ('8700828e-235d-4233-b563-ac8eb790a048', '21c35b14-aef8-4c13-9794-4c47c02b4fdc', '0.5570499999999999', NULL);
INSERT INTO "status_sensors" ("key", "sensor", "statec", "date") VALUES ('e9dac809-c410-4b95-a125-bc45e7143e54', '07178a4b-eded-48a1-a539-9a9bd2751982', '0.22190000000000001', NULL);
INSERT INTO "status_sensors" ("key", "sensor", "statec", "date") VALUES ('75b322ca-81f0-4c84-b504-56487458bc4a', '21c35b14-aef8-4c13-9794-4c47c02b4fdc', '0.6245', NULL);
INSERT INTO "status_sensors" ("key", "sensor", "statec", "date") VALUES ('3a806532-8a0d-4ce7-a44a-908720cc1833', '07178a4b-eded-48a1-a539-9a9bd2751982', '0.22160000000000002', NULL);
INSERT INTO "status_sensors" ("key", "sensor", "statec", "date") VALUES ('77fcfdec-7c4f-4d50-9146-3828709c3139', '21c35b14-aef8-4c13-9794-4c47c02b4fdc', '0.63755', NULL);
INSERT INTO "status_sensors" ("key", "sensor", "statec", "date") VALUES ('372ca287-c78c-4f70-97fc-e1b71271d1b7', '07178a4b-eded-48a1-a539-9a9bd2751982', '0.22160000000000002', NULL);
INSERT INTO "status_sensors" ("key", "sensor", "statec", "date") VALUES ('768ea4a3-17e6-44f9-b3be-6c2d78ebc1f5', '21c35b14-aef8-4c13-9794-4c47c02b4fdc', '0.7717999999999999', NULL);
INSERT INTO "status_sensors" ("key", "sensor", "statec", "date") VALUES ('ee101c55-c066-48c1-be92-dec394b5f902', '07178a4b-eded-48a1-a539-9a9bd2751982', '0.22160000000000002', NULL);
INSERT INTO "status_sensors" ("key", "sensor", "statec", "date") VALUES ('4d61b273-afeb-49c8-8245-a59652d0766d', '21c35b14-aef8-4c13-9794-4c47c02b4fdc', '0.54535', NULL);
INSERT INTO "status_sensors" ("key", "sensor", "statec", "date") VALUES ('7e6961ae-190a-44f5-a213-12aeacf3accc', '07178a4b-eded-48a1-a539-9a9bd2751982', '0.2214', NULL);
INSERT INTO "status_sensors" ("key", "sensor", "statec", "date") VALUES ('3652e8c7-e083-49a8-bc77-8f7cfb7b481c', '21c35b14-aef8-4c13-9794-4c47c02b4fdc', '0.76515', NULL);
INSERT INTO "status_sensors" ("key", "sensor", "statec", "date") VALUES ('3fab1de1-ca20-4070-b654-67701be35950', '07178a4b-eded-48a1-a539-9a9bd2751982', '0.2214', NULL);
INSERT INTO "status_sensors" ("key", "sensor", "statec", "date") VALUES ('0f5aea12-497c-4142-a29b-9673ba77059b', '21c35b14-aef8-4c13-9794-4c47c02b4fdc', '0.56535', NULL);
INSERT INTO "status_sensors" ("key", "sensor", "statec", "date") VALUES ('0a0b2443-a13e-4715-b526-d51266a84a6b', '07178a4b-eded-48a1-a539-9a9bd2751982', '0.2214', NULL);
INSERT INTO "status_sensors" ("key", "sensor", "statec", "date") VALUES ('3cb76b46-7a4a-4b5a-b670-bcf8e5a91a20', '21c35b14-aef8-4c13-9794-4c47c02b4fdc', '0.70435', NULL);
INSERT INTO "status_sensors" ("key", "sensor", "statec", "date") VALUES ('b11886a4-0d30-4fd4-bc65-9550b924420a', '07178a4b-eded-48a1-a539-9a9bd2751982', '0.2211', NULL);
INSERT INTO "status_sensors" ("key", "sensor", "statec", "date") VALUES ('eeec2091-3293-40ee-bea5-d0c677ea845c', '21c35b14-aef8-4c13-9794-4c47c02b4fdc', '0.52575', NULL);
INSERT INTO "status_sensors" ("key", "sensor", "statec", "date") VALUES ('915664ee-0a4c-4228-a3c1-b45a62a6ab77', '07178a4b-eded-48a1-a539-9a9bd2751982', '0.2211', NULL);
INSERT INTO "status_sensors" ("key", "sensor", "statec", "date") VALUES ('cc05c7cf-9d12-49e4-a728-c9cb420bdd38', '21c35b14-aef8-4c13-9794-4c47c02b4fdc', '0.68545', NULL);
INSERT INTO "status_sensors" ("key", "sensor", "statec", "date") VALUES ('78762c2f-d5c4-4268-ad31-4ebcaae216a1', '07178a4b-eded-48a1-a539-9a9bd2751982', '0.2209', NULL);
INSERT INTO "status_sensors" ("key", "sensor", "statec", "date") VALUES ('e9be375e-22bc-4df9-b33d-180e3badb437', '21c35b14-aef8-4c13-9794-4c47c02b4fdc', '0.6879500000000001', NULL);
INSERT INTO "status_sensors" ("key", "sensor", "statec", "date") VALUES ('bf2fa7d8-c565-4708-9f86-0549a7a27c6d', '07178a4b-eded-48a1-a539-9a9bd2751982', '0.2209', NULL);
INSERT INTO "status_sensors" ("key", "sensor", "statec", "date") VALUES ('d0564443-a718-4300-a8cc-1e145c7b7350', '21c35b14-aef8-4c13-9794-4c47c02b4fdc', '0.56225', NULL);
INSERT INTO "status_sensors" ("key", "sensor", "statec", "date") VALUES ('be229dc6-cd65-41ba-b4e3-bea4c56a775e', '07178a4b-eded-48a1-a539-9a9bd2751982', '0.2209', NULL);
INSERT INTO "status_sensors" ("key", "sensor", "statec", "date") VALUES ('54d7d0a1-7944-499c-9cf5-773a9e3242c7', '21c35b14-aef8-4c13-9794-4c47c02b4fdc', '0.65425', NULL);
INSERT INTO "status_sensors" ("key", "sensor", "statec", "date") VALUES ('f1e5d733-7e69-48ac-9d7a-312997b5d2f0', '07178a4b-eded-48a1-a539-9a9bd2751982', '0.2206', NULL);
INSERT INTO "status_sensors" ("key", "sensor", "statec", "date") VALUES ('19fb3113-9f7e-40b7-9511-beb81e710982', '21c35b14-aef8-4c13-9794-4c47c02b4fdc', '0.7171000000000001', NULL);
INSERT INTO "status_sensors" ("key", "sensor", "statec", "date") VALUES ('92e43575-d6a5-4c54-b99a-ebf299e034ce', '07178a4b-eded-48a1-a539-9a9bd2751982', '0.2206', NULL);
INSERT INTO "status_sensors" ("key", "sensor", "statec", "date") VALUES ('c3c8713f-38bd-4161-acee-47cb84dfc8e4', '21c35b14-aef8-4c13-9794-4c47c02b4fdc', '0.60405', NULL);
INSERT INTO "status_sensors" ("key", "sensor", "statec", "date") VALUES ('7d3b20e6-2fec-4faa-a1fc-d95ea2670bdb', '07178a4b-eded-48a1-a539-9a9bd2751982', '0.22039999999999998', NULL);
INSERT INTO "status_sensors" ("key", "sensor", "statec", "date") VALUES ('ebe784c1-fa6d-49c7-aaf9-8756408e833e', '21c35b14-aef8-4c13-9794-4c47c02b4fdc', '0.6936', NULL);
INSERT INTO "status_sensors" ("key", "sensor", "statec", "date") VALUES ('8a65ce89-fc11-4433-8809-11bf486a54e7', '07178a4b-eded-48a1-a539-9a9bd2751982', '0.22039999999999998', NULL);
INSERT INTO "status_sensors" ("key", "sensor", "statec", "date") VALUES ('6b6b2c73-c41f-45de-b287-9f4f28b7c15a', '21c35b14-aef8-4c13-9794-4c47c02b4fdc', '0.5458999999999999', NULL);
INSERT INTO "status_sensors" ("key", "sensor", "statec", "date") VALUES ('167e1b13-106c-4375-996d-30280a715d4e', '07178a4b-eded-48a1-a539-9a9bd2751982', '0.22039999999999998', NULL);
INSERT INTO "status_sensors" ("key", "sensor", "statec", "date") VALUES ('d615d0b6-0c10-494e-8482-4a8589f0be71', '21c35b14-aef8-4c13-9794-4c47c02b4fdc', '0.61675', NULL);
INSERT INTO "status_sensors" ("key", "sensor", "statec", "date") VALUES ('57f19e36-16b3-4f05-b19d-1d1928c31400', '07178a4b-eded-48a1-a539-9a9bd2751982', '0.22010000000000002', NULL);
INSERT INTO "status_sensors" ("key", "sensor", "statec", "date") VALUES ('09c611b5-2f15-4646-8fdd-d3114d5e97c8', '21c35b14-aef8-4c13-9794-4c47c02b4fdc', '0.5609', NULL);
INSERT INTO "status_sensors" ("key", "sensor", "statec", "date") VALUES ('2a626188-fc51-4fb5-ac38-ce8a02a63b4a', '07178a4b-eded-48a1-a539-9a9bd2751982', '0.22010000000000002', NULL);
INSERT INTO "status_sensors" ("key", "sensor", "statec", "date") VALUES ('b254f431-a795-4183-99c7-f62bcf3fd898', '21c35b14-aef8-4c13-9794-4c47c02b4fdc', '0.67915', NULL);
INSERT INTO "status_sensors" ("key", "sensor", "statec", "date") VALUES ('e13f6523-c7a1-4cfe-b819-d6eabd12936a', '07178a4b-eded-48a1-a539-9a9bd2751982', '0.22010000000000002', NULL);
INSERT INTO "status_sensors" ("key", "sensor", "statec", "date") VALUES ('35c90146-2d2e-4537-b85e-ab19d4b7852e', '21c35b14-aef8-4c13-9794-4c47c02b4fdc', '0.6043', NULL);
INSERT INTO "status_sensors" ("key", "sensor", "statec", "date") VALUES ('960f2615-76cf-4419-b235-6f3290b73439', '07178a4b-eded-48a1-a539-9a9bd2751982', '0.21989999999999998', NULL);
INSERT INTO "status_sensors" ("key", "sensor", "statec", "date") VALUES ('57269167-fa52-4916-b06f-6f8e2f39a700', '21c35b14-aef8-4c13-9794-4c47c02b4fdc', '0.57245', NULL);
INSERT INTO "status_sensors" ("key", "sensor", "statec", "date") VALUES ('dc88d87b-5986-44cd-9c4a-78f893673130', '07178a4b-eded-48a1-a539-9a9bd2751982', '0.21989999999999998', NULL);
INSERT INTO "status_sensors" ("key", "sensor", "statec", "date") VALUES ('f7476124-88c4-41c4-9507-812e65137776', '21c35b14-aef8-4c13-9794-4c47c02b4fdc', '0.7169500000000001', NULL);
INSERT INTO "status_sensors" ("key", "sensor", "statec", "date") VALUES ('31b4226b-2bb0-4ca5-9f44-2709e8e52012', '07178a4b-eded-48a1-a539-9a9bd2751982', '0.21989999999999998', NULL);
INSERT INTO "status_sensors" ("key", "sensor", "statec", "date") VALUES ('7cafb5d6-10a4-475f-a878-c6ff6aa9c693', '21c35b14-aef8-4c13-9794-4c47c02b4fdc', '0.6185499999999999', NULL);
INSERT INTO "status_sensors" ("key", "sensor", "statec", "date") VALUES ('2d8f8b0a-f836-4103-9a01-7a2078f76b67', '07178a4b-eded-48a1-a539-9a9bd2751982', '0.21960000000000002', NULL);
INSERT INTO "status_sensors" ("key", "sensor", "statec", "date") VALUES ('908b3ac1-eee1-4219-a0fa-8c639eca2b07', '21c35b14-aef8-4c13-9794-4c47c02b4fdc', '0.74305', NULL);
INSERT INTO "status_sensors" ("key", "sensor", "statec", "date") VALUES ('91a83390-f730-4bd7-9f82-0e55f5f906d2', '07178a4b-eded-48a1-a539-9a9bd2751982', '0.21960000000000002', NULL);
INSERT INTO "status_sensors" ("key", "sensor", "statec", "date") VALUES ('bc844d1f-ee61-434e-8a34-c9aab9dc345f', '21c35b14-aef8-4c13-9794-4c47c02b4fdc', '0.6685', NULL);
INSERT INTO "status_sensors" ("key", "sensor", "statec", "date") VALUES ('ace0cfae-4fdb-42df-98a3-0e033966d9ac', '07178a4b-eded-48a1-a539-9a9bd2751982', '0.2194', NULL);
INSERT INTO "status_sensors" ("key", "sensor", "statec", "date") VALUES ('99497884-0ae7-4b32-9719-4826d6d0b6d6', '21c35b14-aef8-4c13-9794-4c47c02b4fdc', '0.7397999999999999', NULL);
INSERT INTO "status_sensors" ("key", "sensor", "statec", "date") VALUES ('44a31539-6321-4221-a7d3-aa780c310252', '07178a4b-eded-48a1-a539-9a9bd2751982', '0.2194', NULL);
INSERT INTO "status_sensors" ("key", "sensor", "statec", "date") VALUES ('e785fdf7-4268-4727-a4dc-1ee91495c015', '21c35b14-aef8-4c13-9794-4c47c02b4fdc', '0.6155499999999999', NULL);
INSERT INTO "status_sensors" ("key", "sensor", "statec", "date") VALUES ('117cdece-4318-4dfc-a6cb-c02c9dda3324', '07178a4b-eded-48a1-a539-9a9bd2751982', '0.2194', NULL);
INSERT INTO "status_sensors" ("key", "sensor", "statec", "date") VALUES ('37e5c641-a217-4a2e-87fa-e6be2244e094', '21c35b14-aef8-4c13-9794-4c47c02b4fdc', '0.63', NULL);
INSERT INTO "status_sensors" ("key", "sensor", "statec", "date") VALUES ('0632a791-1de7-4d67-ac38-9397cfa1580b', '07178a4b-eded-48a1-a539-9a9bd2751982', '0.21910000000000002', NULL);
INSERT INTO "status_sensors" ("key", "sensor", "statec", "date") VALUES ('599d30b8-2c5e-4092-a674-39c90fe88667', '21c35b14-aef8-4c13-9794-4c47c02b4fdc', '0.59765', NULL);
INSERT INTO "status_sensors" ("key", "sensor", "statec", "date") VALUES ('48660cae-4a43-4df9-ae47-5bcef54e3ec0', '07178a4b-eded-48a1-a539-9a9bd2751982', '0.21910000000000002', NULL);
INSERT INTO "status_sensors" ("key", "sensor", "statec", "date") VALUES ('80f7501a-8136-4eb4-b20b-7008843bf6d6', '21c35b14-aef8-4c13-9794-4c47c02b4fdc', '0.54615', NULL);
INSERT INTO "status_sensors" ("key", "sensor", "statec", "date") VALUES ('a545f597-6dcd-4c13-bf2d-d07fa5b639af', '07178a4b-eded-48a1-a539-9a9bd2751982', '0.2189', NULL);
INSERT INTO "status_sensors" ("key", "sensor", "statec", "date") VALUES ('66dff7cb-120a-4f02-a7b9-d31cc10ec6bb', '21c35b14-aef8-4c13-9794-4c47c02b4fdc', '0.7549', NULL);
INSERT INTO "status_sensors" ("key", "sensor", "statec", "date") VALUES ('3f59eaa1-e083-448b-a350-0f5e21c020e9', '07178a4b-eded-48a1-a539-9a9bd2751982', '0.2189', NULL);
INSERT INTO "status_sensors" ("key", "sensor", "statec", "date") VALUES ('779726ab-5127-4311-a678-997676a516e5', '21c35b14-aef8-4c13-9794-4c47c02b4fdc', '0.5474', NULL);
INSERT INTO "status_sensors" ("key", "sensor", "statec", "date") VALUES ('2a2440e7-3d04-41d1-becc-caddf22adc98', '07178a4b-eded-48a1-a539-9a9bd2751982', '0.2189', NULL);
INSERT INTO "status_sensors" ("key", "sensor", "statec", "date") VALUES ('afcfc909-e337-4b23-bcb0-ef853edf4b4d', '21c35b14-aef8-4c13-9794-4c47c02b4fdc', '0.7393500000000001', NULL);
INSERT INTO "status_sensors" ("key", "sensor", "statec", "date") VALUES ('faa14044-06e4-4954-a8f7-8fcb829d1f9e', '07178a4b-eded-48a1-a539-9a9bd2751982', '0.2186', NULL);
INSERT INTO "status_sensors" ("key", "sensor", "statec", "date") VALUES ('7eb9888c-7da0-4b05-a986-adc89b15096f', '21c35b14-aef8-4c13-9794-4c47c02b4fdc', '0.6660499999999999', NULL);
INSERT INTO "status_sensors" ("key", "sensor", "statec", "date") VALUES ('d7a30e4f-41eb-4284-8309-5c1c4c4fafcb', '07178a4b-eded-48a1-a539-9a9bd2751982', '0.2186', NULL);
INSERT INTO "status_sensors" ("key", "sensor", "statec", "date") VALUES ('232eb429-7020-4788-a6e3-335654e17db5', '21c35b14-aef8-4c13-9794-4c47c02b4fdc', '0.644', NULL);
INSERT INTO "status_sensors" ("key", "sensor", "statec", "date") VALUES ('8fc9c8cb-0878-4abf-bcf3-a2fe26b6134c', '07178a4b-eded-48a1-a539-9a9bd2751982', '0.2184', NULL);
INSERT INTO "status_sensors" ("key", "sensor", "statec", "date") VALUES ('62db5af6-c8f0-425c-abe9-ba4a3c659f03', '21c35b14-aef8-4c13-9794-4c47c02b4fdc', '0.71945', NULL);
INSERT INTO "status_sensors" ("key", "sensor", "statec", "date") VALUES ('da5ef920-feea-4842-8c8f-b2541549b8c1', '07178a4b-eded-48a1-a539-9a9bd2751982', '0.2184', NULL);
INSERT INTO "status_sensors" ("key", "sensor", "statec", "date") VALUES ('6967acb7-2b7c-4666-9946-828cc4ebda19', '21c35b14-aef8-4c13-9794-4c47c02b4fdc', '0.6167', NULL);
INSERT INTO "status_sensors" ("key", "sensor", "statec", "date") VALUES ('0769b719-2655-4ca3-b376-823a9364f510', '07178a4b-eded-48a1-a539-9a9bd2751982', '0.2181', NULL);
INSERT INTO "status_sensors" ("key", "sensor", "statec", "date") VALUES ('5fad8505-3cba-4a03-bda9-c40c060e98a7', '21c35b14-aef8-4c13-9794-4c47c02b4fdc', '0.59705', NULL);
INSERT INTO "status_sensors" ("key", "sensor", "statec", "date") VALUES ('63e564f1-5908-4da7-8e9a-b0a5e63ca17e', '07178a4b-eded-48a1-a539-9a9bd2751982', '0.2181', NULL);
INSERT INTO "status_sensors" ("key", "sensor", "statec", "date") VALUES ('7920f664-64e9-4077-ae15-085f01e63dd9', '21c35b14-aef8-4c13-9794-4c47c02b4fdc', '0.5587000000000001', NULL);
INSERT INTO "status_sensors" ("key", "sensor", "statec", "date") VALUES ('ab98c711-4ccc-462c-812a-7fcb3a5e7148', '07178a4b-eded-48a1-a539-9a9bd2751982', '0.2181', NULL);
INSERT INTO "status_sensors" ("key", "sensor", "statec", "date") VALUES ('769ead25-a85b-4cea-b942-bcd6e400619b', '21c35b14-aef8-4c13-9794-4c47c02b4fdc', '0.7267', NULL);
INSERT INTO "status_sensors" ("key", "sensor", "statec", "date") VALUES ('ca3b911a-4546-46b3-a614-7eafb6722a91', '07178a4b-eded-48a1-a539-9a9bd2751982', '0.21789999999999998', NULL);
INSERT INTO "status_sensors" ("key", "sensor", "statec", "date") VALUES ('8fe68f25-83f1-4838-af95-e4fe1ec4e3af', '21c35b14-aef8-4c13-9794-4c47c02b4fdc', '0.6373', NULL);
INSERT INTO "status_sensors" ("key", "sensor", "statec", "date") VALUES ('582123b5-840a-456b-8033-3a9750a68af4', '07178a4b-eded-48a1-a539-9a9bd2751982', '0.21789999999999998', NULL);
INSERT INTO "status_sensors" ("key", "sensor", "statec", "date") VALUES ('baf0f04a-43d8-4159-985e-ce1c1c03b2f8', '21c35b14-aef8-4c13-9794-4c47c02b4fdc', '0.6543', NULL);
INSERT INTO "status_sensors" ("key", "sensor", "statec", "date") VALUES ('327a0691-1ebd-416b-ab14-c242b5e1a62d', '07178a4b-eded-48a1-a539-9a9bd2751982', '0.21760000000000002', NULL);
INSERT INTO "status_sensors" ("key", "sensor", "statec", "date") VALUES ('b18613d6-8d3a-4d9c-9618-cca0236edc7f', '21c35b14-aef8-4c13-9794-4c47c02b4fdc', '0.5737000000000001', NULL);
INSERT INTO "status_sensors" ("key", "sensor", "statec", "date") VALUES ('929a8fd5-acb1-4d10-a5b8-50d124b8cb0e', '07178a4b-eded-48a1-a539-9a9bd2751982', '0.21760000000000002', NULL);
INSERT INTO "status_sensors" ("key", "sensor", "statec", "date") VALUES ('b1b8ce7c-7b5c-4f65-94d9-9aa43b269ae9', '21c35b14-aef8-4c13-9794-4c47c02b4fdc', '0.5565', NULL);
INSERT INTO "status_sensors" ("key", "sensor", "statec", "date") VALUES ('7257e8b9-be7c-44bd-8294-108800679a6f', '07178a4b-eded-48a1-a539-9a9bd2751982', '0.21739999999999998', NULL);
INSERT INTO "status_sensors" ("key", "sensor", "statec", "date") VALUES ('2ead3c1b-58cd-4743-b7cc-0d780e8a1aa7', '21c35b14-aef8-4c13-9794-4c47c02b4fdc', '0.7148', NULL);
INSERT INTO "status_sensors" ("key", "sensor", "statec", "date") VALUES ('ec421179-2ab7-4574-b048-4f8b2d3d84ef', '07178a4b-eded-48a1-a539-9a9bd2751982', '0.21739999999999998', NULL);
INSERT INTO "status_sensors" ("key", "sensor", "statec", "date") VALUES ('e9ed66ba-4cce-4153-9181-051fad6eb8f7', '21c35b14-aef8-4c13-9794-4c47c02b4fdc', '0.53615', NULL);
INSERT INTO "status_sensors" ("key", "sensor", "statec", "date") VALUES ('09176039-60b2-478e-bbb5-df37f08cfe6c', '07178a4b-eded-48a1-a539-9a9bd2751982', '0.21710000000000002', NULL);
INSERT INTO "status_sensors" ("key", "sensor", "statec", "date") VALUES ('fa2fd9f3-34e4-4140-afaa-ff01c4031bf9', '21c35b14-aef8-4c13-9794-4c47c02b4fdc', '0.782', NULL);
INSERT INTO "status_sensors" ("key", "sensor", "statec", "date") VALUES ('9a5016a0-68ab-4c4a-9d91-dfa91977c8fc', '07178a4b-eded-48a1-a539-9a9bd2751982', '0.21710000000000002', NULL);
INSERT INTO "status_sensors" ("key", "sensor", "statec", "date") VALUES ('21ff1ff0-82aa-468e-8bf9-4bfe0fd83ffe', '21c35b14-aef8-4c13-9794-4c47c02b4fdc', '0.6366', NULL);
INSERT INTO "status_sensors" ("key", "sensor", "statec", "date") VALUES ('51bf7457-979c-4a08-8da1-842e43b51a36', '07178a4b-eded-48a1-a539-9a9bd2751982', '0.21710000000000002', NULL);
INSERT INTO "status_sensors" ("key", "sensor", "statec", "date") VALUES ('9cd37cba-51f1-444f-841f-c19d5f110291', '21c35b14-aef8-4c13-9794-4c47c02b4fdc', '0.7417999999999999', NULL);
INSERT INTO "status_sensors" ("key", "sensor", "statec", "date") VALUES ('beddd1cc-9030-44c1-8090-66405769df32', '07178a4b-eded-48a1-a539-9a9bd2751982', '0.21710000000000002', NULL);
INSERT INTO "status_sensors" ("key", "sensor", "statec", "date") VALUES ('6c2a5d5e-7cdb-414a-8559-5238827a520e', '21c35b14-aef8-4c13-9794-4c47c02b4fdc', '0.5795', NULL);
INSERT INTO "status_sensors" ("key", "sensor", "statec", "date") VALUES ('8d7bb09e-4881-4e5e-9cc4-e111aef7bfbb', '07178a4b-eded-48a1-a539-9a9bd2751982', '0.2169', NULL);
INSERT INTO "status_sensors" ("key", "sensor", "statec", "date") VALUES ('678e9b8b-f8f4-46f5-aa87-4fdf845ada15', '21c35b14-aef8-4c13-9794-4c47c02b4fdc', '0.7287', NULL);
INSERT INTO "status_sensors" ("key", "sensor", "statec", "date") VALUES ('bca7d122-b8ce-4712-a721-863b8bb36e90', '07178a4b-eded-48a1-a539-9a9bd2751982', '0.2169', NULL);
INSERT INTO "status_sensors" ("key", "sensor", "statec", "date") VALUES ('22c5110c-b109-406d-b118-cba7b7503633', '21c35b14-aef8-4c13-9794-4c47c02b4fdc', '0.6296', NULL);
INSERT INTO "status_sensors" ("key", "sensor", "statec", "date") VALUES ('0b46e4cc-0682-4557-9a4a-e49af3615433', '07178a4b-eded-48a1-a539-9a9bd2751982', '0.2169', NULL);
INSERT INTO "status_sensors" ("key", "sensor", "statec", "date") VALUES ('10801e21-336e-4414-afd3-c37efaca8132', '21c35b14-aef8-4c13-9794-4c47c02b4fdc', '0.7519', NULL);
INSERT INTO "status_sensors" ("key", "sensor", "statec", "date") VALUES ('1511ce5f-089f-458c-b409-e0d33681543a', '07178a4b-eded-48a1-a539-9a9bd2751982', '0.21660000000000001', NULL);
INSERT INTO "status_sensors" ("key", "sensor", "statec", "date") VALUES ('fa94c734-48e0-4ab9-aa51-f4a99d6f57b6', '21c35b14-aef8-4c13-9794-4c47c02b4fdc', '0.7121000000000001', NULL);
INSERT INTO "status_sensors" ("key", "sensor", "statec", "date") VALUES ('4881899d-880b-45a7-8d91-bc20084a7ebc', '07178a4b-eded-48a1-a539-9a9bd2751982', '0.21660000000000001', NULL);
INSERT INTO "status_sensors" ("key", "sensor", "statec", "date") VALUES ('ee340e8f-460d-45f8-bb93-692c797c1244', '21c35b14-aef8-4c13-9794-4c47c02b4fdc', '0.7419', NULL);
INSERT INTO "status_sensors" ("key", "sensor", "statec", "date") VALUES ('d333f5d7-f5c0-4e74-825c-5e89db2e6bec', '07178a4b-eded-48a1-a539-9a9bd2751982', '0.21660000000000001', NULL);
INSERT INTO "status_sensors" ("key", "sensor", "statec", "date") VALUES ('eae864a0-541b-40c1-bf32-07782aa3428f', '21c35b14-aef8-4c13-9794-4c47c02b4fdc', '0.6968', NULL);
INSERT INTO "status_sensors" ("key", "sensor", "statec", "date") VALUES ('f5aa9e3f-01dc-4c4a-97a1-0c223b61b1b2', '07178a4b-eded-48a1-a539-9a9bd2751982', '0.21660000000000001', NULL);
INSERT INTO "status_sensors" ("key", "sensor", "statec", "date") VALUES ('955f081a-9838-4d77-8fbe-c0b6cbe92cd7', '21c35b14-aef8-4c13-9794-4c47c02b4fdc', '0.7306', NULL);
INSERT INTO "status_sensors" ("key", "sensor", "statec", "date") VALUES ('d054a75e-5dc8-4fe3-ac25-c3bc5d85e53e', '07178a4b-eded-48a1-a539-9a9bd2751982', '0.2164', NULL);
INSERT INTO "status_sensors" ("key", "sensor", "statec", "date") VALUES ('377bbdb4-73ff-4b1a-9b52-f5460f2c5edc', '21c35b14-aef8-4c13-9794-4c47c02b4fdc', '0.5647000000000001', NULL);
INSERT INTO "status_sensors" ("key", "sensor", "statec", "date") VALUES ('62d37c99-f2da-4527-bb49-34a2c68fb945', '07178a4b-eded-48a1-a539-9a9bd2751982', '0.2164', NULL);
INSERT INTO "status_sensors" ("key", "sensor", "statec", "date") VALUES ('90294d47-2632-4b59-99c0-a4a6b875dc83', '21c35b14-aef8-4c13-9794-4c47c02b4fdc', '0.6818', NULL);
INSERT INTO "status_sensors" ("key", "sensor", "statec", "date") VALUES ('e1679bac-6030-4556-bbf5-660c433c449b', '07178a4b-eded-48a1-a539-9a9bd2751982', '0.2161', NULL);
INSERT INTO "status_sensors" ("key", "sensor", "statec", "date") VALUES ('1c691ddb-32b1-4613-ada5-699201b09615', '21c35b14-aef8-4c13-9794-4c47c02b4fdc', '0.76375', NULL);
INSERT INTO "status_sensors" ("key", "sensor", "statec", "date") VALUES ('257c8c0f-5ebb-44b3-ac80-0d7bf36d0ee0', '07178a4b-eded-48a1-a539-9a9bd2751982', '0.2161', NULL);
INSERT INTO "status_sensors" ("key", "sensor", "statec", "date") VALUES ('576d7ee7-3b46-4cdf-9434-c3769f0882e1', '21c35b14-aef8-4c13-9794-4c47c02b4fdc', '0.67695', NULL);
INSERT INTO "status_sensors" ("key", "sensor", "statec", "date") VALUES ('63145367-c407-4ce2-b916-fab1c2e657f5', '07178a4b-eded-48a1-a539-9a9bd2751982', '0.2161', NULL);
INSERT INTO "status_sensors" ("key", "sensor", "statec", "date") VALUES ('55838483-309e-4e12-8c25-d1a8bd18fd31', '21c35b14-aef8-4c13-9794-4c47c02b4fdc', '0.52455', NULL);
INSERT INTO "status_sensors" ("key", "sensor", "statec", "date") VALUES ('e2e42f54-34b2-4059-a4e1-9249637746ac', '07178a4b-eded-48a1-a539-9a9bd2751982', '0.2159', NULL);
INSERT INTO "status_sensors" ("key", "sensor", "statec", "date") VALUES ('1710c3dd-ebdd-47b5-bd6c-0b448ccccdab', '21c35b14-aef8-4c13-9794-4c47c02b4fdc', '0.67115', NULL);
INSERT INTO "status_sensors" ("key", "sensor", "statec", "date") VALUES ('8c5f571d-368e-47f2-920f-db01f6c4ab37', '07178a4b-eded-48a1-a539-9a9bd2751982', '0.2159', NULL);
INSERT INTO "status_sensors" ("key", "sensor", "statec", "date") VALUES ('c4e688c6-5913-4fab-8537-46eb5d4be9fb', '21c35b14-aef8-4c13-9794-4c47c02b4fdc', '0.7457999999999999', NULL);
INSERT INTO "status_sensors" ("key", "sensor", "statec", "date") VALUES ('caafe7aa-998d-4b1e-95aa-d5bd4c6c4f01', '07178a4b-eded-48a1-a539-9a9bd2751982', '0.2159', NULL);
INSERT INTO "status_sensors" ("key", "sensor", "statec", "date") VALUES ('61ca5edb-2499-4eae-9498-b0405ac628ea', '21c35b14-aef8-4c13-9794-4c47c02b4fdc', '0.575', NULL);
INSERT INTO "status_sensors" ("key", "sensor", "statec", "date") VALUES ('4c6d3674-1815-427f-926e-3a138d56f1e6', '07178a4b-eded-48a1-a539-9a9bd2751982', '0.21559999999999999', NULL);
INSERT INTO "status_sensors" ("key", "sensor", "statec", "date") VALUES ('48bddf61-b70e-4041-9184-364dae5e160d', '21c35b14-aef8-4c13-9794-4c47c02b4fdc', '0.6910499999999999', NULL);
INSERT INTO "status_sensors" ("key", "sensor", "statec", "date") VALUES ('907ad3ba-c9dd-46f5-a94f-2aeacdda6f0f', '07178a4b-eded-48a1-a539-9a9bd2751982', '0.21559999999999999', NULL);
INSERT INTO "status_sensors" ("key", "sensor", "statec", "date") VALUES ('b25574c4-d612-42b6-b868-a2e33b843f8c', '21c35b14-aef8-4c13-9794-4c47c02b4fdc', '0.77225', NULL);
INSERT INTO "status_sensors" ("key", "sensor", "statec", "date") VALUES ('255db025-164d-4c88-bb54-b1a2960a5bda', '07178a4b-eded-48a1-a539-9a9bd2751982', '0.21559999999999999', NULL);
INSERT INTO "status_sensors" ("key", "sensor", "statec", "date") VALUES ('91eb5619-4731-4b84-8ea5-011608ed3d35', '21c35b14-aef8-4c13-9794-4c47c02b4fdc', '0.5570499999999999', NULL);
INSERT INTO "status_sensors" ("key", "sensor", "statec", "date") VALUES ('04ec9d64-21de-4ef8-b217-f99e51c55e6f', '07178a4b-eded-48a1-a539-9a9bd2751982', '0.21559999999999999', NULL);
INSERT INTO "status_sensors" ("key", "sensor", "statec", "date") VALUES ('623564e8-4580-4b90-9de4-80c764b4384e', '21c35b14-aef8-4c13-9794-4c47c02b4fdc', '0.7737999999999999', NULL);
INSERT INTO "status_sensors" ("key", "sensor", "statec", "date") VALUES ('4497fc3c-5df3-430e-b09a-1caa1e02d15b', '07178a4b-eded-48a1-a539-9a9bd2751982', '0.2154', NULL);
INSERT INTO "status_sensors" ("key", "sensor", "statec", "date") VALUES ('50c7cf9f-87a3-4f20-93fc-3eb52a26d7e6', '21c35b14-aef8-4c13-9794-4c47c02b4fdc', '0.576', NULL);
INSERT INTO "status_sensors" ("key", "sensor", "statec", "date") VALUES ('b110ff8d-c72e-45e6-baed-be307b6beed3', '07178a4b-eded-48a1-a539-9a9bd2751982', '0.2154', NULL);
INSERT INTO "status_sensors" ("key", "sensor", "statec", "date") VALUES ('f6702c1c-af16-4725-8263-64d054f5de89', '21c35b14-aef8-4c13-9794-4c47c02b4fdc', '0.7259500000000001', NULL);
INSERT INTO "status_sensors" ("key", "sensor", "statec", "date") VALUES ('94adb7e5-9951-4d9a-9d5f-a07d095c798f', '07178a4b-eded-48a1-a539-9a9bd2751982', '0.2154', NULL);
INSERT INTO "status_sensors" ("key", "sensor", "statec", "date") VALUES ('85209b2f-e704-46a4-a5b9-15ba95bee478', '21c35b14-aef8-4c13-9794-4c47c02b4fdc', '0.54235', NULL);
INSERT INTO "status_sensors" ("key", "sensor", "statec", "date") VALUES ('0b857517-cb25-46f2-87c8-80f9988f2b9a', '07178a4b-eded-48a1-a539-9a9bd2751982', '0.2154', NULL);
INSERT INTO "status_sensors" ("key", "sensor", "statec", "date") VALUES ('2b0d762b-c8b1-4701-b5e3-cc6c88016b0e', '21c35b14-aef8-4c13-9794-4c47c02b4fdc', '0.7039', NULL);
INSERT INTO "status_sensors" ("key", "sensor", "statec", "date") VALUES ('2be60c20-a842-4bd6-8ca4-fc2fec266772', '07178a4b-eded-48a1-a539-9a9bd2751982', '0.2151', NULL);
INSERT INTO "status_sensors" ("key", "sensor", "statec", "date") VALUES ('44c40ca6-3ba1-4f9b-b7de-c8592e971499', '21c35b14-aef8-4c13-9794-4c47c02b4fdc', '0.6536000000000001', NULL);
INSERT INTO "status_sensors" ("key", "sensor", "statec", "date") VALUES ('eed8c1ce-48e8-4bb6-aca0-878f31881240', '07178a4b-eded-48a1-a539-9a9bd2751982', '0.2151', NULL);
INSERT INTO "status_sensors" ("key", "sensor", "statec", "date") VALUES ('e412e36b-e216-408f-9379-9440a12812c9', '21c35b14-aef8-4c13-9794-4c47c02b4fdc', '0.69625', NULL);
INSERT INTO "status_sensors" ("key", "sensor", "statec", "date") VALUES ('026a91c4-ff77-4ec9-bb39-a1d8c4262bb8', '07178a4b-eded-48a1-a539-9a9bd2751982', '0.2151', NULL);
INSERT INTO "status_sensors" ("key", "sensor", "statec", "date") VALUES ('e2e6f6e3-7959-4962-a361-5a33e6a64586', '21c35b14-aef8-4c13-9794-4c47c02b4fdc', '0.6175', NULL);
INSERT INTO "status_sensors" ("key", "sensor", "statec", "date") VALUES ('a16ad44c-f0b9-478a-91c0-0c848e1bda0b', '07178a4b-eded-48a1-a539-9a9bd2751982', '0.2151', NULL);
INSERT INTO "status_sensors" ("key", "sensor", "statec", "date") VALUES ('e975b877-6879-4eda-aeea-73a0ef97c4e9', '21c35b14-aef8-4c13-9794-4c47c02b4fdc', '0.6658999999999999', NULL);
INSERT INTO "status_sensors" ("key", "sensor", "statec", "date") VALUES ('b15b92ae-9c1d-421a-a99f-d84d759a6991', '07178a4b-eded-48a1-a539-9a9bd2751982', '0.21489999999999998', NULL);
INSERT INTO "status_sensors" ("key", "sensor", "statec", "date") VALUES ('655d5f72-7a42-44c1-873a-b6b54ca37061', '21c35b14-aef8-4c13-9794-4c47c02b4fdc', '0.6929', NULL);
INSERT INTO "status_sensors" ("key", "sensor", "statec", "date") VALUES ('8ac10a8a-0667-448d-ac2f-ab38230ea607', '07178a4b-eded-48a1-a539-9a9bd2751982', '0.21489999999999998', NULL);
INSERT INTO "status_sensors" ("key", "sensor", "statec", "date") VALUES ('2da69b35-31db-4973-a8e2-f6939ca44d2f', '21c35b14-aef8-4c13-9794-4c47c02b4fdc', '0.60445', NULL);
INSERT INTO "status_sensors" ("key", "sensor", "statec", "date") VALUES ('b90ba97c-63b6-4899-96b4-1aae8c900d34', '07178a4b-eded-48a1-a539-9a9bd2751982', '0.21489999999999998', NULL);
INSERT INTO "status_sensors" ("key", "sensor", "statec", "date") VALUES ('1e89a389-4b78-47fb-9bbb-3fd3049f6c23', '21c35b14-aef8-4c13-9794-4c47c02b4fdc', '0.6025499999999999', NULL);
INSERT INTO "status_sensors" ("key", "sensor", "statec", "date") VALUES ('fe903689-37e2-4e59-867d-15b813de0007', '07178a4b-eded-48a1-a539-9a9bd2751982', '0.21489999999999998', NULL);
INSERT INTO "status_sensors" ("key", "sensor", "statec", "date") VALUES ('9263db13-feaf-4d7a-b63a-f2026a3828ee', '21c35b14-aef8-4c13-9794-4c47c02b4fdc', '0.642', NULL);
INSERT INTO "status_sensors" ("key", "sensor", "statec", "date") VALUES ('fc6eba9a-511a-42c9-b1f0-1248f525f2b8', '07178a4b-eded-48a1-a539-9a9bd2751982', '0.21489999999999998', NULL);


--
-- TOC entry 2185 (class 0 OID 86259)
-- Dependencies: 185
-- Data for Name: weather; Type: TABLE DATA; Schema: public; Owner: postgres
--

INSERT INTO "weather" ("key", "sensor_id", "celsium", "date") VALUES ('9ce58fce-c135-4967-b946-0567d25dbdb0', '2443cf32-fbd3-4d54-bb61-f6602c5794ae', '15.98', NULL);
INSERT INTO "weather" ("key", "sensor_id", "celsium", "date") VALUES ('d5ca1c2d-6fd0-4a27-b2eb-3df5b757f9a2', '2443cf32-fbd3-4d54-bb61-f6602c5794ae', '15.98', NULL);
INSERT INTO "weather" ("key", "sensor_id", "celsium", "date") VALUES ('e2c2b89e-65c5-4858-988b-a28b2716fe8c', '2443cf32-fbd3-4d54-bb61-f6602c5794ae', '15.98', NULL);
INSERT INTO "weather" ("key", "sensor_id", "celsium", "date") VALUES ('82b9f794-8647-49f2-8637-b53655683176', '2443cf32-fbd3-4d54-bb61-f6602c5794ae', '15.98', NULL);
INSERT INTO "weather" ("key", "sensor_id", "celsium", "date") VALUES ('052f490b-bff1-4802-87a2-68cf0984c914', '2443cf32-fbd3-4d54-bb61-f6602c5794ae', '15.98', NULL);
INSERT INTO "weather" ("key", "sensor_id", "celsium", "date") VALUES ('3303dbe5-a3c0-49af-bfb1-7597d60a9f5a', '2443cf32-fbd3-4d54-bb61-f6602c5794ae', '15.98', NULL);
INSERT INTO "weather" ("key", "sensor_id", "celsium", "date") VALUES ('7a6075dc-9346-4f0d-98cf-e81e83d05419', '2443cf32-fbd3-4d54-bb61-f6602c5794ae', '16.01', NULL);
INSERT INTO "weather" ("key", "sensor_id", "celsium", "date") VALUES ('10658579-e489-4a24-9e75-5f360fcf913b', '2443cf32-fbd3-4d54-bb61-f6602c5794ae', '16.01', NULL);
INSERT INTO "weather" ("key", "sensor_id", "celsium", "date") VALUES ('de08e1c9-4ed5-4892-997a-4b637062c6df', '2443cf32-fbd3-4d54-bb61-f6602c5794ae', '16.01', NULL);
INSERT INTO "weather" ("key", "sensor_id", "celsium", "date") VALUES ('f8b1e7b1-5c4e-4a3f-85cc-410addf39018', '2443cf32-fbd3-4d54-bb61-f6602c5794ae', '16.01', NULL);
INSERT INTO "weather" ("key", "sensor_id", "celsium", "date") VALUES ('5300ac44-ea22-43e6-8891-8e6a2682a7e3', '2443cf32-fbd3-4d54-bb61-f6602c5794ae', '16.01', NULL);
INSERT INTO "weather" ("key", "sensor_id", "celsium", "date") VALUES ('bbdd98c1-effd-4ea5-9a1b-e4574c775243', '2443cf32-fbd3-4d54-bb61-f6602c5794ae', '16.01', NULL);
INSERT INTO "weather" ("key", "sensor_id", "celsium", "date") VALUES ('843493bf-97c6-4464-896f-d4d6a71a079f', '2443cf32-fbd3-4d54-bb61-f6602c5794ae', '16.01', NULL);
INSERT INTO "weather" ("key", "sensor_id", "celsium", "date") VALUES ('22df9721-325a-46d3-a2ee-6256770c40f7', '2443cf32-fbd3-4d54-bb61-f6602c5794ae', '16.01', NULL);
INSERT INTO "weather" ("key", "sensor_id", "celsium", "date") VALUES ('4c1d6263-632a-496e-975c-1a5a92147d3f', '2443cf32-fbd3-4d54-bb61-f6602c5794ae', '16.03', NULL);
INSERT INTO "weather" ("key", "sensor_id", "celsium", "date") VALUES ('ebdcd758-05c8-4c32-a42e-606431a35e48', '2443cf32-fbd3-4d54-bb61-f6602c5794ae', '16.03', NULL);
INSERT INTO "weather" ("key", "sensor_id", "celsium", "date") VALUES ('2ce532ad-ac52-431e-a20a-a51d30b6349d', '2443cf32-fbd3-4d54-bb61-f6602c5794ae', '16.06', NULL);
INSERT INTO "weather" ("key", "sensor_id", "celsium", "date") VALUES ('866cf444-a38d-45be-a6dd-8bf715ed0236', '2443cf32-fbd3-4d54-bb61-f6602c5794ae', '16.06', NULL);
INSERT INTO "weather" ("key", "sensor_id", "celsium", "date") VALUES ('2f82e12d-f54b-4001-a728-e68981926bfe', '2443cf32-fbd3-4d54-bb61-f6602c5794ae', '16.08', NULL);
INSERT INTO "weather" ("key", "sensor_id", "celsium", "date") VALUES ('1af46e3f-5469-44e3-8820-f1b96ac4fde8', '2443cf32-fbd3-4d54-bb61-f6602c5794ae', '16.11', NULL);
INSERT INTO "weather" ("key", "sensor_id", "celsium", "date") VALUES ('d0556098-f8a0-4648-bd0c-93db564163a0', '2443cf32-fbd3-4d54-bb61-f6602c5794ae', '16.11', NULL);
INSERT INTO "weather" ("key", "sensor_id", "celsium", "date") VALUES ('3dae08b2-523d-451e-9c1b-3d4119bde1f1', '2443cf32-fbd3-4d54-bb61-f6602c5794ae', '16.13', NULL);
INSERT INTO "weather" ("key", "sensor_id", "celsium", "date") VALUES ('18e2708b-35fd-4fab-8525-021458a4a3fd', '2443cf32-fbd3-4d54-bb61-f6602c5794ae', '16.16', NULL);
INSERT INTO "weather" ("key", "sensor_id", "celsium", "date") VALUES ('ea60651b-ee51-4091-8c29-5552f6f67492', '2443cf32-fbd3-4d54-bb61-f6602c5794ae', '16.18', NULL);
INSERT INTO "weather" ("key", "sensor_id", "celsium", "date") VALUES ('cec94f7a-fbc7-41c5-9c24-93419b30f77a', '2443cf32-fbd3-4d54-bb61-f6602c5794ae', '16.21', NULL);
INSERT INTO "weather" ("key", "sensor_id", "celsium", "date") VALUES ('682ebe71-da83-4470-afca-e1ac36f3f9bb', '2443cf32-fbd3-4d54-bb61-f6602c5794ae', '16.23', NULL);
INSERT INTO "weather" ("key", "sensor_id", "celsium", "date") VALUES ('d768c34a-0b52-4a53-8307-d01c9f1dc255', '2443cf32-fbd3-4d54-bb61-f6602c5794ae', '16.26', NULL);
INSERT INTO "weather" ("key", "sensor_id", "celsium", "date") VALUES ('bdad715f-4ba0-452f-bb17-051ac6391328', '2443cf32-fbd3-4d54-bb61-f6602c5794ae', '16.31', NULL);
INSERT INTO "weather" ("key", "sensor_id", "celsium", "date") VALUES ('f54689e8-8f0d-4ec9-8965-c846302bfb08', '2443cf32-fbd3-4d54-bb61-f6602c5794ae', '16.33', NULL);
INSERT INTO "weather" ("key", "sensor_id", "celsium", "date") VALUES ('454a031f-231e-46a7-ae19-e6ffd4120136', '2443cf32-fbd3-4d54-bb61-f6602c5794ae', '16.38', NULL);
INSERT INTO "weather" ("key", "sensor_id", "celsium", "date") VALUES ('7ada74f1-25e0-40a7-8bd4-a7c6c44524c1', '2443cf32-fbd3-4d54-bb61-f6602c5794ae', '16.43', NULL);
INSERT INTO "weather" ("key", "sensor_id", "celsium", "date") VALUES ('38692044-030b-4e5c-be7c-256d9a965bcb', '2443cf32-fbd3-4d54-bb61-f6602c5794ae', '16.46', NULL);
INSERT INTO "weather" ("key", "sensor_id", "celsium", "date") VALUES ('c96d5cc4-1670-4eb4-97d2-328c523f2a05', '2443cf32-fbd3-4d54-bb61-f6602c5794ae', '16.51', NULL);
INSERT INTO "weather" ("key", "sensor_id", "celsium", "date") VALUES ('b68ff239-f082-4e04-8ecb-6e35038f569d', '2443cf32-fbd3-4d54-bb61-f6602c5794ae', '16.53', NULL);
INSERT INTO "weather" ("key", "sensor_id", "celsium", "date") VALUES ('3b24d753-f626-4fc2-b6f4-c0d6bd299acb', '2443cf32-fbd3-4d54-bb61-f6602c5794ae', '16.56', NULL);
INSERT INTO "weather" ("key", "sensor_id", "celsium", "date") VALUES ('fd2632fb-cd59-4265-ba6d-2d7f6afb5459', '2443cf32-fbd3-4d54-bb61-f6602c5794ae', '16.61', NULL);
INSERT INTO "weather" ("key", "sensor_id", "celsium", "date") VALUES ('7fef0ff4-aa22-4ce7-b06c-42c8af0386ff', '2443cf32-fbd3-4d54-bb61-f6602c5794ae', '16.66', NULL);
INSERT INTO "weather" ("key", "sensor_id", "celsium", "date") VALUES ('2df265ae-5381-4d14-9622-108e580222a4', '2443cf32-fbd3-4d54-bb61-f6602c5794ae', '16.68', NULL);
INSERT INTO "weather" ("key", "sensor_id", "celsium", "date") VALUES ('e6f811a1-0272-4d74-9059-23a5f2b84488', '2443cf32-fbd3-4d54-bb61-f6602c5794ae', '16.73', NULL);
INSERT INTO "weather" ("key", "sensor_id", "celsium", "date") VALUES ('eb9ddad1-844e-4e93-a611-6a3134796099', '2443cf32-fbd3-4d54-bb61-f6602c5794ae', '16.78', NULL);
INSERT INTO "weather" ("key", "sensor_id", "celsium", "date") VALUES ('e44e3ef7-21de-425d-8867-0a4239ffdac4', '2443cf32-fbd3-4d54-bb61-f6602c5794ae', '16.83', NULL);
INSERT INTO "weather" ("key", "sensor_id", "celsium", "date") VALUES ('e9f7f476-883f-4375-a971-02a8ab4b6089', '2443cf32-fbd3-4d54-bb61-f6602c5794ae', '16.88', NULL);
INSERT INTO "weather" ("key", "sensor_id", "celsium", "date") VALUES ('90358c98-f324-4a36-85e7-4762c6320bd9', '2443cf32-fbd3-4d54-bb61-f6602c5794ae', '16.93', NULL);
INSERT INTO "weather" ("key", "sensor_id", "celsium", "date") VALUES ('22cc876b-fa83-4c7e-9e0f-b6f4ddcd5b94', '2443cf32-fbd3-4d54-bb61-f6602c5794ae', '16.98', NULL);
INSERT INTO "weather" ("key", "sensor_id", "celsium", "date") VALUES ('305f878a-8b98-4e46-a7c6-22ca3ddf7bf8', '2443cf32-fbd3-4d54-bb61-f6602c5794ae', '17.06', NULL);
INSERT INTO "weather" ("key", "sensor_id", "celsium", "date") VALUES ('9997503a-2078-4609-9862-ae739dea876c', '2443cf32-fbd3-4d54-bb61-f6602c5794ae', '17.11', NULL);
INSERT INTO "weather" ("key", "sensor_id", "celsium", "date") VALUES ('c02f62a6-844a-4287-87fc-7b4dedfc3eba', '2443cf32-fbd3-4d54-bb61-f6602c5794ae', '17.16', NULL);
INSERT INTO "weather" ("key", "sensor_id", "celsium", "date") VALUES ('4b147176-d033-4380-8505-bf5a08680917', '2443cf32-fbd3-4d54-bb61-f6602c5794ae', '17.23', NULL);
INSERT INTO "weather" ("key", "sensor_id", "celsium", "date") VALUES ('76c730de-059d-42bc-9bcf-54f58e63c8a3', '2443cf32-fbd3-4d54-bb61-f6602c5794ae', '17.28', NULL);
INSERT INTO "weather" ("key", "sensor_id", "celsium", "date") VALUES ('08c85915-1606-494d-a1fa-9c44b9e018bf', '2443cf32-fbd3-4d54-bb61-f6602c5794ae', '17.33', NULL);
INSERT INTO "weather" ("key", "sensor_id", "celsium", "date") VALUES ('3c600c56-02c5-45b4-9c71-6573095909e2', '2443cf32-fbd3-4d54-bb61-f6602c5794ae', '17.38', NULL);
INSERT INTO "weather" ("key", "sensor_id", "celsium", "date") VALUES ('169dc607-d0c1-42bc-8474-cb39a1e30e39', '2443cf32-fbd3-4d54-bb61-f6602c5794ae', '17.43', NULL);
INSERT INTO "weather" ("key", "sensor_id", "celsium", "date") VALUES ('e4b09307-31b2-4054-9e4a-223fe48a1dab', '2443cf32-fbd3-4d54-bb61-f6602c5794ae', '17.48', NULL);
INSERT INTO "weather" ("key", "sensor_id", "celsium", "date") VALUES ('e8d66deb-e9d6-42c5-95c9-9bca5742ad02', '2443cf32-fbd3-4d54-bb61-f6602c5794ae', '17.56', NULL);
INSERT INTO "weather" ("key", "sensor_id", "celsium", "date") VALUES ('4529576a-10a6-48f9-8bdb-8580410d6bfa', '2443cf32-fbd3-4d54-bb61-f6602c5794ae', '17.61', NULL);
INSERT INTO "weather" ("key", "sensor_id", "celsium", "date") VALUES ('0b2d1cb2-4a1d-4cce-8b46-00a4b653e3d3', '2443cf32-fbd3-4d54-bb61-f6602c5794ae', '17.68', NULL);
INSERT INTO "weather" ("key", "sensor_id", "celsium", "date") VALUES ('4a311d13-774a-46ac-b8be-ff21426adddb', '2443cf32-fbd3-4d54-bb61-f6602c5794ae', '17.76', NULL);
INSERT INTO "weather" ("key", "sensor_id", "celsium", "date") VALUES ('944e676c-8f72-427b-80f9-191b14415e57', '2443cf32-fbd3-4d54-bb61-f6602c5794ae', '17.81', NULL);
INSERT INTO "weather" ("key", "sensor_id", "celsium", "date") VALUES ('4e3eb6f6-edfb-4013-a361-00d3002fa0ff', '2443cf32-fbd3-4d54-bb61-f6602c5794ae', '17.88', NULL);
INSERT INTO "weather" ("key", "sensor_id", "celsium", "date") VALUES ('d20cd1f7-caab-4587-b040-b009f33be457', '2443cf32-fbd3-4d54-bb61-f6602c5794ae', '17.93', NULL);
INSERT INTO "weather" ("key", "sensor_id", "celsium", "date") VALUES ('482abadc-7418-4a8e-b004-75e61f7226d5', '2443cf32-fbd3-4d54-bb61-f6602c5794ae', '17.98', NULL);
INSERT INTO "weather" ("key", "sensor_id", "celsium", "date") VALUES ('9e31bf93-9898-404b-b93c-5c525eb11655', '2443cf32-fbd3-4d54-bb61-f6602c5794ae', '18.06', NULL);
INSERT INTO "weather" ("key", "sensor_id", "celsium", "date") VALUES ('fcfc7fac-6c72-4c6a-ad70-8ecd67af800e', '2443cf32-fbd3-4d54-bb61-f6602c5794ae', '18.11', NULL);
INSERT INTO "weather" ("key", "sensor_id", "celsium", "date") VALUES ('5050bfde-938c-41da-82f9-6b5e76563c61', '2443cf32-fbd3-4d54-bb61-f6602c5794ae', '18.16', NULL);
INSERT INTO "weather" ("key", "sensor_id", "celsium", "date") VALUES ('0d415e2f-f636-4ed9-acc2-4596100f2856', '2443cf32-fbd3-4d54-bb61-f6602c5794ae', '18.23', NULL);
INSERT INTO "weather" ("key", "sensor_id", "celsium", "date") VALUES ('9e137ed1-27f7-44c5-a791-fe7392d993d4', '2443cf32-fbd3-4d54-bb61-f6602c5794ae', '18.28', NULL);
INSERT INTO "weather" ("key", "sensor_id", "celsium", "date") VALUES ('a21e9e39-3f3f-449c-b175-a2858cb51c84', '2443cf32-fbd3-4d54-bb61-f6602c5794ae', '18.36', NULL);
INSERT INTO "weather" ("key", "sensor_id", "celsium", "date") VALUES ('5dfb730d-d2bc-41ca-b0be-5a4b3cb067b0', '2443cf32-fbd3-4d54-bb61-f6602c5794ae', '18.43', NULL);
INSERT INTO "weather" ("key", "sensor_id", "celsium", "date") VALUES ('ce155a1c-1f1d-44a1-9463-5f83d8e170ae', '2443cf32-fbd3-4d54-bb61-f6602c5794ae', '18.48', NULL);
INSERT INTO "weather" ("key", "sensor_id", "celsium", "date") VALUES ('0b4590cc-28d2-4402-ad04-5d96b48ec9d6', '2443cf32-fbd3-4d54-bb61-f6602c5794ae', '18.56', NULL);
INSERT INTO "weather" ("key", "sensor_id", "celsium", "date") VALUES ('da24e145-1b68-4734-9720-414311f8c2f7', '2443cf32-fbd3-4d54-bb61-f6602c5794ae', '18.63', NULL);
INSERT INTO "weather" ("key", "sensor_id", "celsium", "date") VALUES ('792864a3-0056-41eb-b09e-5eb988cc4ad4', '2443cf32-fbd3-4d54-bb61-f6602c5794ae', '18.71', NULL);
INSERT INTO "weather" ("key", "sensor_id", "celsium", "date") VALUES ('fe2d42e6-705c-41ba-828e-eda610734e90', '2443cf32-fbd3-4d54-bb61-f6602c5794ae', '18.78', NULL);
INSERT INTO "weather" ("key", "sensor_id", "celsium", "date") VALUES ('ba19c001-36a9-4ed1-873b-ebc60626cd6e', '2443cf32-fbd3-4d54-bb61-f6602c5794ae', '18.86', NULL);
INSERT INTO "weather" ("key", "sensor_id", "celsium", "date") VALUES ('41ffad54-88cd-4a96-b2c9-b5681caed04c', '2443cf32-fbd3-4d54-bb61-f6602c5794ae', '18.93', NULL);
INSERT INTO "weather" ("key", "sensor_id", "celsium", "date") VALUES ('e5a6f08c-b1fc-4e53-94f5-76e93001805e', '2443cf32-fbd3-4d54-bb61-f6602c5794ae', '18.98', NULL);
INSERT INTO "weather" ("key", "sensor_id", "celsium", "date") VALUES ('1e63969d-3d95-4d96-a26c-ee5ee506b171', '2443cf32-fbd3-4d54-bb61-f6602c5794ae', '19.06', NULL);
INSERT INTO "weather" ("key", "sensor_id", "celsium", "date") VALUES ('7695e278-6114-4768-a9fd-985de8073b9f', '2443cf32-fbd3-4d54-bb61-f6602c5794ae', '19.13', NULL);
INSERT INTO "weather" ("key", "sensor_id", "celsium", "date") VALUES ('2cac7b4c-07be-4dc0-8187-9fc980e8a41c', '2443cf32-fbd3-4d54-bb61-f6602c5794ae', '19.21', NULL);
INSERT INTO "weather" ("key", "sensor_id", "celsium", "date") VALUES ('31b78708-01cf-4b9e-a5be-22aacb940bb2', '2443cf32-fbd3-4d54-bb61-f6602c5794ae', '19.28', NULL);
INSERT INTO "weather" ("key", "sensor_id", "celsium", "date") VALUES ('d8610105-4ab2-451f-9acc-cf13f09e6dc8', '2443cf32-fbd3-4d54-bb61-f6602c5794ae', '19.36', NULL);
INSERT INTO "weather" ("key", "sensor_id", "celsium", "date") VALUES ('83068c46-deaf-41bf-ba0a-52ae6c8f77e0', '2443cf32-fbd3-4d54-bb61-f6602c5794ae', '19.41', NULL);
INSERT INTO "weather" ("key", "sensor_id", "celsium", "date") VALUES ('880394f7-ab3d-41fc-8472-a8696e7252e6', '2443cf32-fbd3-4d54-bb61-f6602c5794ae', '19.51', NULL);
INSERT INTO "weather" ("key", "sensor_id", "celsium", "date") VALUES ('ac31c3e3-7467-475f-9ffb-fb32114cb98d', '2443cf32-fbd3-4d54-bb61-f6602c5794ae', '19.56', NULL);
INSERT INTO "weather" ("key", "sensor_id", "celsium", "date") VALUES ('a0b4a322-2aba-4d91-8319-67aa5f0b4108', '2443cf32-fbd3-4d54-bb61-f6602c5794ae', '19.66', NULL);
INSERT INTO "weather" ("key", "sensor_id", "celsium", "date") VALUES ('8332f710-81ea-4b5a-84ad-5e7c321f69b6', '2443cf32-fbd3-4d54-bb61-f6602c5794ae', '19.73', NULL);
INSERT INTO "weather" ("key", "sensor_id", "celsium", "date") VALUES ('9d8de16f-f3f1-47c0-b4bb-a6c4d95fded7', '2443cf32-fbd3-4d54-bb61-f6602c5794ae', '19.78', NULL);
INSERT INTO "weather" ("key", "sensor_id", "celsium", "date") VALUES ('3bd9544e-544c-48f8-a3d3-3c81b00d9fa0', '2443cf32-fbd3-4d54-bb61-f6602c5794ae', '19.86', NULL);
INSERT INTO "weather" ("key", "sensor_id", "celsium", "date") VALUES ('0b995a0c-cff7-4e11-86d7-22d477b0b1ca', '2443cf32-fbd3-4d54-bb61-f6602c5794ae', '19.93', NULL);
INSERT INTO "weather" ("key", "sensor_id", "celsium", "date") VALUES ('7e7150b4-0c86-4d72-85ae-48117a51b135', '2443cf32-fbd3-4d54-bb61-f6602c5794ae', '19.98', NULL);
INSERT INTO "weather" ("key", "sensor_id", "celsium", "date") VALUES ('157d21ac-bc55-4336-94a8-f2a9906af577', '2443cf32-fbd3-4d54-bb61-f6602c5794ae', '20.06', NULL);
INSERT INTO "weather" ("key", "sensor_id", "celsium", "date") VALUES ('36402df6-19f1-4a0c-8042-59344df2ccc4', '2443cf32-fbd3-4d54-bb61-f6602c5794ae', '20.11', NULL);
INSERT INTO "weather" ("key", "sensor_id", "celsium", "date") VALUES ('9eccf995-ceb4-45b7-aace-64564c9cf96d', '2443cf32-fbd3-4d54-bb61-f6602c5794ae', '20.16', NULL);
INSERT INTO "weather" ("key", "sensor_id", "celsium", "date") VALUES ('bfab1e9f-ae5b-404c-b81d-8a705a2ac55f', '2443cf32-fbd3-4d54-bb61-f6602c5794ae', '20.23', NULL);
INSERT INTO "weather" ("key", "sensor_id", "celsium", "date") VALUES ('6168178a-dcdd-45fc-bd03-0a42b23c5ac6', '2443cf32-fbd3-4d54-bb61-f6602c5794ae', '20.28', NULL);
INSERT INTO "weather" ("key", "sensor_id", "celsium", "date") VALUES ('c249220a-0ccf-4e02-9782-a909086c44d0', '2443cf32-fbd3-4d54-bb61-f6602c5794ae', '20.34', NULL);
INSERT INTO "weather" ("key", "sensor_id", "celsium", "date") VALUES ('9c1df76c-1cda-414a-93bc-a4b19cf39251', '2443cf32-fbd3-4d54-bb61-f6602c5794ae', '20.41', NULL);
INSERT INTO "weather" ("key", "sensor_id", "celsium", "date") VALUES ('23af0227-9342-4e90-8c0f-720334be2f80', '2443cf32-fbd3-4d54-bb61-f6602c5794ae', '20.46', NULL);
INSERT INTO "weather" ("key", "sensor_id", "celsium", "date") VALUES ('69e28624-72c9-4cbb-90ce-1eabc3e9cb7f', '2443cf32-fbd3-4d54-bb61-f6602c5794ae', '20.54', NULL);
INSERT INTO "weather" ("key", "sensor_id", "celsium", "date") VALUES ('7802e598-db2a-4f4d-b891-9b87c620bf80', '2443cf32-fbd3-4d54-bb61-f6602c5794ae', '20.59', NULL);
INSERT INTO "weather" ("key", "sensor_id", "celsium", "date") VALUES ('cbb257c4-9459-488f-b73e-dde493274f1c', '2443cf32-fbd3-4d54-bb61-f6602c5794ae', '20.66', NULL);
INSERT INTO "weather" ("key", "sensor_id", "celsium", "date") VALUES ('0434dd99-0d84-48d4-a1e1-0f42bcd9c147', '2443cf32-fbd3-4d54-bb61-f6602c5794ae', '20.71', NULL);
INSERT INTO "weather" ("key", "sensor_id", "celsium", "date") VALUES ('20128745-af71-42a4-8665-3e1ee42ba9f1', '2443cf32-fbd3-4d54-bb61-f6602c5794ae', '20.76', NULL);
INSERT INTO "weather" ("key", "sensor_id", "celsium", "date") VALUES ('b8e888ce-90c2-49b3-b9a6-027d8022158b', '2443cf32-fbd3-4d54-bb61-f6602c5794ae', '20.84', NULL);
INSERT INTO "weather" ("key", "sensor_id", "celsium", "date") VALUES ('7809b8a9-d320-49de-ad95-111bb18d8975', '2443cf32-fbd3-4d54-bb61-f6602c5794ae', '20.86', NULL);
INSERT INTO "weather" ("key", "sensor_id", "celsium", "date") VALUES ('ba1602c6-3038-4d0c-ab44-2b07a0a0e5a6', '2443cf32-fbd3-4d54-bb61-f6602c5794ae', '20.91', NULL);
INSERT INTO "weather" ("key", "sensor_id", "celsium", "date") VALUES ('38bb924c-cb91-47f9-8c25-3f5be2bf793e', '2443cf32-fbd3-4d54-bb61-f6602c5794ae', '20.96', NULL);
INSERT INTO "weather" ("key", "sensor_id", "celsium", "date") VALUES ('7df58711-f9dd-4864-844d-5fb22b3e12fd', '2443cf32-fbd3-4d54-bb61-f6602c5794ae', '21.01', NULL);
INSERT INTO "weather" ("key", "sensor_id", "celsium", "date") VALUES ('c62d4361-724d-4df0-94c3-de3644baf4d2', '2443cf32-fbd3-4d54-bb61-f6602c5794ae', '21.06', NULL);
INSERT INTO "weather" ("key", "sensor_id", "celsium", "date") VALUES ('59f80fa6-adec-476a-b259-ddf3e6eaed31', '2443cf32-fbd3-4d54-bb61-f6602c5794ae', '21.11', NULL);
INSERT INTO "weather" ("key", "sensor_id", "celsium", "date") VALUES ('5023f300-42f3-4c98-87e8-01333115de84', '2443cf32-fbd3-4d54-bb61-f6602c5794ae', '21.16', NULL);
INSERT INTO "weather" ("key", "sensor_id", "celsium", "date") VALUES ('b9f237eb-11af-4b50-bcb5-fa2c461fbd33', '2443cf32-fbd3-4d54-bb61-f6602c5794ae', '21.21', NULL);
INSERT INTO "weather" ("key", "sensor_id", "celsium", "date") VALUES ('a7dc5e94-fa87-45cf-ac9f-48d507e56faf', '2443cf32-fbd3-4d54-bb61-f6602c5794ae', '21.24', NULL);
INSERT INTO "weather" ("key", "sensor_id", "celsium", "date") VALUES ('987b55ed-295c-4301-82d7-21650f36d556', '2443cf32-fbd3-4d54-bb61-f6602c5794ae', '21.29', NULL);
INSERT INTO "weather" ("key", "sensor_id", "celsium", "date") VALUES ('1692aba2-5a1b-4859-b8de-da93f6697034', '2443cf32-fbd3-4d54-bb61-f6602c5794ae', '21.34', NULL);
INSERT INTO "weather" ("key", "sensor_id", "celsium", "date") VALUES ('46f7c5d1-af73-4404-a923-8bf5caf05e77', '2443cf32-fbd3-4d54-bb61-f6602c5794ae', '21.36', NULL);
INSERT INTO "weather" ("key", "sensor_id", "celsium", "date") VALUES ('d527858a-f2e0-473a-a97d-484a66444889', '2443cf32-fbd3-4d54-bb61-f6602c5794ae', '21.41', NULL);
INSERT INTO "weather" ("key", "sensor_id", "celsium", "date") VALUES ('29804228-4469-4274-8f42-7c5692d5069d', '2443cf32-fbd3-4d54-bb61-f6602c5794ae', '21.46', NULL);
INSERT INTO "weather" ("key", "sensor_id", "celsium", "date") VALUES ('05a4630e-6578-4c1f-b107-992d942e5c3c', '2443cf32-fbd3-4d54-bb61-f6602c5794ae', '21.49', NULL);
INSERT INTO "weather" ("key", "sensor_id", "celsium", "date") VALUES ('a6b53036-93aa-4396-a491-ad41774528d9', '2443cf32-fbd3-4d54-bb61-f6602c5794ae', '21.54', NULL);
INSERT INTO "weather" ("key", "sensor_id", "celsium", "date") VALUES ('40271b40-92d2-47ad-b8e1-26c80ed714bb', '2443cf32-fbd3-4d54-bb61-f6602c5794ae', '21.59', NULL);
INSERT INTO "weather" ("key", "sensor_id", "celsium", "date") VALUES ('a0a8f914-48de-4917-849b-112e7b19b8fb', '2443cf32-fbd3-4d54-bb61-f6602c5794ae', '21.64', NULL);
INSERT INTO "weather" ("key", "sensor_id", "celsium", "date") VALUES ('f136aa1c-ad94-4e86-ad0f-c2b18dac0dc7', '2443cf32-fbd3-4d54-bb61-f6602c5794ae', '21.66', NULL);
INSERT INTO "weather" ("key", "sensor_id", "celsium", "date") VALUES ('bfb46f80-dd06-4d0d-9008-a811eea536e6', '2443cf32-fbd3-4d54-bb61-f6602c5794ae', '21.71', NULL);
INSERT INTO "weather" ("key", "sensor_id", "celsium", "date") VALUES ('bbc0c157-ab5a-448c-b15d-dfc4effb73b2', '2443cf32-fbd3-4d54-bb61-f6602c5794ae', '21.76', NULL);
INSERT INTO "weather" ("key", "sensor_id", "celsium", "date") VALUES ('2c60aa01-f34b-41c5-90f5-4ce874626f73', '2443cf32-fbd3-4d54-bb61-f6602c5794ae', '21.81', NULL);
INSERT INTO "weather" ("key", "sensor_id", "celsium", "date") VALUES ('bb1c2967-6a6e-4e95-ac15-551fd649e9e8', '2443cf32-fbd3-4d54-bb61-f6602c5794ae', '21.84', NULL);
INSERT INTO "weather" ("key", "sensor_id", "celsium", "date") VALUES ('3c3ddd68-05ba-4589-b18a-d9b0c6ca4d0c', '2443cf32-fbd3-4d54-bb61-f6602c5794ae', '21.89', NULL);
INSERT INTO "weather" ("key", "sensor_id", "celsium", "date") VALUES ('3dd15fcc-cccc-440b-8262-035abc7962b2', '2443cf32-fbd3-4d54-bb61-f6602c5794ae', '21.91', NULL);
INSERT INTO "weather" ("key", "sensor_id", "celsium", "date") VALUES ('f07a9614-8338-4e0b-9885-034ceb154904', '2443cf32-fbd3-4d54-bb61-f6602c5794ae', '21.96', NULL);
INSERT INTO "weather" ("key", "sensor_id", "celsium", "date") VALUES ('59089a06-093c-40ab-8b50-1ba49f0d4101', '2443cf32-fbd3-4d54-bb61-f6602c5794ae', '21.99', NULL);
INSERT INTO "weather" ("key", "sensor_id", "celsium", "date") VALUES ('fd7f61ba-ca8a-4b42-87f6-d2ebee104b06', '2443cf32-fbd3-4d54-bb61-f6602c5794ae', '22.01', NULL);
INSERT INTO "weather" ("key", "sensor_id", "celsium", "date") VALUES ('585e6b71-df44-436d-8107-eb326b6ed2e2', '2443cf32-fbd3-4d54-bb61-f6602c5794ae', '22.06', NULL);
INSERT INTO "weather" ("key", "sensor_id", "celsium", "date") VALUES ('ebd22e29-790c-4561-a313-ef13e6c1d762', '2443cf32-fbd3-4d54-bb61-f6602c5794ae', '22.09', NULL);
INSERT INTO "weather" ("key", "sensor_id", "celsium", "date") VALUES ('80ba2e90-6bf1-43c3-ab72-cc88ac108a7a', '2443cf32-fbd3-4d54-bb61-f6602c5794ae', '22.11', NULL);
INSERT INTO "weather" ("key", "sensor_id", "celsium", "date") VALUES ('8fd6f3a7-c8b2-4f30-8f00-9016f1c090c9', '2443cf32-fbd3-4d54-bb61-f6602c5794ae', '22.14', NULL);
INSERT INTO "weather" ("key", "sensor_id", "celsium", "date") VALUES ('8fb092bf-6bc3-4647-80b5-f3d507777b0e', '2443cf32-fbd3-4d54-bb61-f6602c5794ae', '22.16', NULL);
INSERT INTO "weather" ("key", "sensor_id", "celsium", "date") VALUES ('594883f6-6453-4454-8e6d-254bd0d2506e', '2443cf32-fbd3-4d54-bb61-f6602c5794ae', '22.16', NULL);
INSERT INTO "weather" ("key", "sensor_id", "celsium", "date") VALUES ('603619d5-0a2f-40c6-9170-b59d296522be', '2443cf32-fbd3-4d54-bb61-f6602c5794ae', '22.19', NULL);
INSERT INTO "weather" ("key", "sensor_id", "celsium", "date") VALUES ('0e41032e-16ed-4a0f-89ba-3cb40c3c0e21', '2443cf32-fbd3-4d54-bb61-f6602c5794ae', '22.21', NULL);
INSERT INTO "weather" ("key", "sensor_id", "celsium", "date") VALUES ('d9eee0c1-a67b-46f7-91b1-87eb759860b7', '2443cf32-fbd3-4d54-bb61-f6602c5794ae', '22.21', NULL);
INSERT INTO "weather" ("key", "sensor_id", "celsium", "date") VALUES ('50d94445-e5cd-4c3a-97c3-cbb7c933647c', '2443cf32-fbd3-4d54-bb61-f6602c5794ae', '22.21', NULL);
INSERT INTO "weather" ("key", "sensor_id", "celsium", "date") VALUES ('b03cdc36-e643-435e-9ad8-d259dcbf3530', '2443cf32-fbd3-4d54-bb61-f6602c5794ae', '22.24', NULL);
INSERT INTO "weather" ("key", "sensor_id", "celsium", "date") VALUES ('3782dd71-9a96-4ba2-bb8f-268eed56703b', '2443cf32-fbd3-4d54-bb61-f6602c5794ae', '22.26', NULL);
INSERT INTO "weather" ("key", "sensor_id", "celsium", "date") VALUES ('7b97bbd2-5054-497c-a5ea-05e6f399d7f0', '2443cf32-fbd3-4d54-bb61-f6602c5794ae', '22.26', NULL);
INSERT INTO "weather" ("key", "sensor_id", "celsium", "date") VALUES ('a3dd8d44-afea-429f-b76c-af7ba6f3c293', '2443cf32-fbd3-4d54-bb61-f6602c5794ae', '22.29', NULL);
INSERT INTO "weather" ("key", "sensor_id", "celsium", "date") VALUES ('a09bd02d-3c72-4fa9-82c8-012b72988b10', '2443cf32-fbd3-4d54-bb61-f6602c5794ae', '22.29', NULL);
INSERT INTO "weather" ("key", "sensor_id", "celsium", "date") VALUES ('9948cc43-44a0-405f-bcda-2f50b9a7cb83', '2443cf32-fbd3-4d54-bb61-f6602c5794ae', '22.29', NULL);
INSERT INTO "weather" ("key", "sensor_id", "celsium", "date") VALUES ('18755d17-0593-4ac1-aa00-1eb80c5c24a2', '2443cf32-fbd3-4d54-bb61-f6602c5794ae', '22.29', NULL);
INSERT INTO "weather" ("key", "sensor_id", "celsium", "date") VALUES ('58dc05d5-965f-4575-8d48-9f076e14fc64', '2443cf32-fbd3-4d54-bb61-f6602c5794ae', '22.29', NULL);
INSERT INTO "weather" ("key", "sensor_id", "celsium", "date") VALUES ('380f998a-3a9d-49b6-9da6-14a4e51040c8', '2443cf32-fbd3-4d54-bb61-f6602c5794ae', '22.29', NULL);
INSERT INTO "weather" ("key", "sensor_id", "celsium", "date") VALUES ('5e1e780b-05a4-4dbd-a52c-88b10f5e254e', '2443cf32-fbd3-4d54-bb61-f6602c5794ae', '22.31', NULL);
INSERT INTO "weather" ("key", "sensor_id", "celsium", "date") VALUES ('8422ba8d-663e-402c-8d71-73b9a85fa649', '2443cf32-fbd3-4d54-bb61-f6602c5794ae', '22.29', NULL);
INSERT INTO "weather" ("key", "sensor_id", "celsium", "date") VALUES ('3cffad96-4ed8-4091-be1c-35ee4ea26493', '2443cf32-fbd3-4d54-bb61-f6602c5794ae', '22.29', NULL);
INSERT INTO "weather" ("key", "sensor_id", "celsium", "date") VALUES ('022a0ca7-066e-4cd9-897b-5dee9508bb8b', '2443cf32-fbd3-4d54-bb61-f6602c5794ae', '22.29', NULL);
INSERT INTO "weather" ("key", "sensor_id", "celsium", "date") VALUES ('d170e59a-8683-4d64-9cbb-c647db198258', '2443cf32-fbd3-4d54-bb61-f6602c5794ae', '22.29', NULL);
INSERT INTO "weather" ("key", "sensor_id", "celsium", "date") VALUES ('8a951853-3dbc-4765-88dd-b7bec3e9d932', '2443cf32-fbd3-4d54-bb61-f6602c5794ae', '22.29', NULL);
INSERT INTO "weather" ("key", "sensor_id", "celsium", "date") VALUES ('8b6c7376-4dd7-4172-b6f9-5249dfd1d53e', '2443cf32-fbd3-4d54-bb61-f6602c5794ae', '22.29', NULL);
INSERT INTO "weather" ("key", "sensor_id", "celsium", "date") VALUES ('a784cb10-b9a5-4a42-b0c3-3aece0ebe477', '2443cf32-fbd3-4d54-bb61-f6602c5794ae', '22.29', NULL);
INSERT INTO "weather" ("key", "sensor_id", "celsium", "date") VALUES ('32c2d903-77a6-4372-a1e9-bbdaf97017f0', '2443cf32-fbd3-4d54-bb61-f6602c5794ae', '22.29', NULL);
INSERT INTO "weather" ("key", "sensor_id", "celsium", "date") VALUES ('6da65de4-9f60-4d1c-b409-a4ae2a061269', '2443cf32-fbd3-4d54-bb61-f6602c5794ae', '22.29', NULL);
INSERT INTO "weather" ("key", "sensor_id", "celsium", "date") VALUES ('69c3e5fd-40f7-4983-b2d3-597f0ed6033b', '2443cf32-fbd3-4d54-bb61-f6602c5794ae', '22.29', NULL);
INSERT INTO "weather" ("key", "sensor_id", "celsium", "date") VALUES ('99fa81b0-3e28-421e-a453-796ab316f12e', '2443cf32-fbd3-4d54-bb61-f6602c5794ae', '22.29', NULL);
INSERT INTO "weather" ("key", "sensor_id", "celsium", "date") VALUES ('8c56fead-7f9d-4227-8f97-f348ddfdfa72', '2443cf32-fbd3-4d54-bb61-f6602c5794ae', '22.29', NULL);
INSERT INTO "weather" ("key", "sensor_id", "celsium", "date") VALUES ('92fdc79b-327a-4a6a-8978-3245155bab4e', '2443cf32-fbd3-4d54-bb61-f6602c5794ae', '22.29', NULL);
INSERT INTO "weather" ("key", "sensor_id", "celsium", "date") VALUES ('6e4bed65-a242-47e3-8631-c46e32421e7e', '2443cf32-fbd3-4d54-bb61-f6602c5794ae', '22.29', NULL);
INSERT INTO "weather" ("key", "sensor_id", "celsium", "date") VALUES ('924a6452-c578-420f-b119-32116a8c8cf1', '2443cf32-fbd3-4d54-bb61-f6602c5794ae', '22.29', NULL);
INSERT INTO "weather" ("key", "sensor_id", "celsium", "date") VALUES ('502b8dbb-0fe1-44f6-b75e-a6f4a2d8f87f', '2443cf32-fbd3-4d54-bb61-f6602c5794ae', '22.29', NULL);
INSERT INTO "weather" ("key", "sensor_id", "celsium", "date") VALUES ('dd128890-7a57-4f3c-b7cd-ea69a59a3c71', '2443cf32-fbd3-4d54-bb61-f6602c5794ae', '22.29', NULL);
INSERT INTO "weather" ("key", "sensor_id", "celsium", "date") VALUES ('5a551f68-bd60-413d-adcf-c0767f957224', '2443cf32-fbd3-4d54-bb61-f6602c5794ae', '22.29', NULL);
INSERT INTO "weather" ("key", "sensor_id", "celsium", "date") VALUES ('281acfbc-e1ff-4ad2-9bb7-ea3268c67440', '2443cf32-fbd3-4d54-bb61-f6602c5794ae', '22.29', NULL);
INSERT INTO "weather" ("key", "sensor_id", "celsium", "date") VALUES ('a2270571-63b9-42c3-b9b8-a1232236bec1', '2443cf32-fbd3-4d54-bb61-f6602c5794ae', '22.29', NULL);
INSERT INTO "weather" ("key", "sensor_id", "celsium", "date") VALUES ('39aa2f89-c1f5-40c4-a9e1-38bf392bb8b5', '2443cf32-fbd3-4d54-bb61-f6602c5794ae', '22.29', NULL);
INSERT INTO "weather" ("key", "sensor_id", "celsium", "date") VALUES ('0ed10b2a-b4df-4bce-af87-f46a97bef688', '2443cf32-fbd3-4d54-bb61-f6602c5794ae', '22.29', NULL);
INSERT INTO "weather" ("key", "sensor_id", "celsium", "date") VALUES ('dc77aa10-85bd-4a04-b0c5-8391eff4cdc9', '2443cf32-fbd3-4d54-bb61-f6602c5794ae', '22.29', NULL);
INSERT INTO "weather" ("key", "sensor_id", "celsium", "date") VALUES ('c4319d9a-59ce-477e-a6bc-a63fce86dcbd', '2443cf32-fbd3-4d54-bb61-f6602c5794ae', '22.29', NULL);
INSERT INTO "weather" ("key", "sensor_id", "celsium", "date") VALUES ('faf2a8fe-5ca7-47f7-aa82-c435d34eec22', '2443cf32-fbd3-4d54-bb61-f6602c5794ae', '22.29', NULL);
INSERT INTO "weather" ("key", "sensor_id", "celsium", "date") VALUES ('9902c679-233a-41aa-8d27-1c5fb9c1fa92', '2443cf32-fbd3-4d54-bb61-f6602c5794ae', '22.29', NULL);
INSERT INTO "weather" ("key", "sensor_id", "celsium", "date") VALUES ('0ecf5648-7a4e-4c86-b4d5-7677f94777ac', '2443cf32-fbd3-4d54-bb61-f6602c5794ae', '22.26', NULL);
INSERT INTO "weather" ("key", "sensor_id", "celsium", "date") VALUES ('ecba346a-b8a6-4834-a145-7ffe66da7d6f', '2443cf32-fbd3-4d54-bb61-f6602c5794ae', '22.26', NULL);
INSERT INTO "weather" ("key", "sensor_id", "celsium", "date") VALUES ('84174d97-7d8c-4399-bef1-4dcad64e47cf', '2443cf32-fbd3-4d54-bb61-f6602c5794ae', '22.26', NULL);
INSERT INTO "weather" ("key", "sensor_id", "celsium", "date") VALUES ('3d5115a0-0ab9-4950-8b65-5e6bae67dabb', '2443cf32-fbd3-4d54-bb61-f6602c5794ae', '22.26', NULL);
INSERT INTO "weather" ("key", "sensor_id", "celsium", "date") VALUES ('d9bc398a-94fe-4a7a-b482-f612634bfbb0', '2443cf32-fbd3-4d54-bb61-f6602c5794ae', '22.24', NULL);
INSERT INTO "weather" ("key", "sensor_id", "celsium", "date") VALUES ('512141b3-1c34-4a51-a164-98a67faf5bf9', '2443cf32-fbd3-4d54-bb61-f6602c5794ae', '22.24', NULL);
INSERT INTO "weather" ("key", "sensor_id", "celsium", "date") VALUES ('abe005d5-ddad-4e7b-9296-7c7150d7d6b8', '2443cf32-fbd3-4d54-bb61-f6602c5794ae', '22.24', NULL);
INSERT INTO "weather" ("key", "sensor_id", "celsium", "date") VALUES ('4ee01b50-6bb2-40de-ba24-fb5e5faff3be', '2443cf32-fbd3-4d54-bb61-f6602c5794ae', '22.24', NULL);
INSERT INTO "weather" ("key", "sensor_id", "celsium", "date") VALUES ('c702ba7c-e79d-4384-9796-d93fe2d013ef', '2443cf32-fbd3-4d54-bb61-f6602c5794ae', '22.24', NULL);
INSERT INTO "weather" ("key", "sensor_id", "celsium", "date") VALUES ('51c4ba9f-4608-446a-b54d-242260b7a685', '2443cf32-fbd3-4d54-bb61-f6602c5794ae', '22.24', NULL);
INSERT INTO "weather" ("key", "sensor_id", "celsium", "date") VALUES ('0deaca84-8a71-4af9-a1aa-27cf55c44225', '2443cf32-fbd3-4d54-bb61-f6602c5794ae', '22.21', NULL);
INSERT INTO "weather" ("key", "sensor_id", "celsium", "date") VALUES ('1b7d0312-9fe0-4c11-ac93-1426568ae24f', '2443cf32-fbd3-4d54-bb61-f6602c5794ae', '22.21', NULL);
INSERT INTO "weather" ("key", "sensor_id", "celsium", "date") VALUES ('2582b214-7a9c-4945-bcfd-d70aed28e1ba', '2443cf32-fbd3-4d54-bb61-f6602c5794ae', '22.21', NULL);
INSERT INTO "weather" ("key", "sensor_id", "celsium", "date") VALUES ('d0c19a46-1eed-4cbf-98dd-3e9495f4b26b', '2443cf32-fbd3-4d54-bb61-f6602c5794ae', '22.21', NULL);
INSERT INTO "weather" ("key", "sensor_id", "celsium", "date") VALUES ('278c7ac0-a568-494d-b379-ddc741e4d96d', '2443cf32-fbd3-4d54-bb61-f6602c5794ae', '22.21', NULL);
INSERT INTO "weather" ("key", "sensor_id", "celsium", "date") VALUES ('aa23b0a5-6b0f-4d45-949b-267b63d6fa60', '2443cf32-fbd3-4d54-bb61-f6602c5794ae', '22.19', NULL);
INSERT INTO "weather" ("key", "sensor_id", "celsium", "date") VALUES ('e01c0336-6862-4be3-8e53-a929eca89943', '2443cf32-fbd3-4d54-bb61-f6602c5794ae', '22.19', NULL);
INSERT INTO "weather" ("key", "sensor_id", "celsium", "date") VALUES ('0e6813ee-55db-44b0-b407-54a2a2195f0e', '2443cf32-fbd3-4d54-bb61-f6602c5794ae', '22.19', NULL);
INSERT INTO "weather" ("key", "sensor_id", "celsium", "date") VALUES ('99bdc8a5-b917-47fe-9b2d-9760f5d2782b', '2443cf32-fbd3-4d54-bb61-f6602c5794ae', '22.19', NULL);
INSERT INTO "weather" ("key", "sensor_id", "celsium", "date") VALUES ('1c54c2c8-1dc7-4953-a9c9-bed279f5c698', '2443cf32-fbd3-4d54-bb61-f6602c5794ae', '22.16', NULL);
INSERT INTO "weather" ("key", "sensor_id", "celsium", "date") VALUES ('4fc14c0f-483a-4e7d-91dd-f1f0946dbfae', '2443cf32-fbd3-4d54-bb61-f6602c5794ae', '22.16', NULL);
INSERT INTO "weather" ("key", "sensor_id", "celsium", "date") VALUES ('dcf55008-25fc-4b6e-a859-fa37edfd23d4', '2443cf32-fbd3-4d54-bb61-f6602c5794ae', '22.16', NULL);
INSERT INTO "weather" ("key", "sensor_id", "celsium", "date") VALUES ('f12f841a-1218-4737-b3e5-09c43bc1a072', '2443cf32-fbd3-4d54-bb61-f6602c5794ae', '22.14', NULL);
INSERT INTO "weather" ("key", "sensor_id", "celsium", "date") VALUES ('c7a0438c-104b-4c2a-aabf-3aee16b50036', '2443cf32-fbd3-4d54-bb61-f6602c5794ae', '22.14', NULL);
INSERT INTO "weather" ("key", "sensor_id", "celsium", "date") VALUES ('a0222e85-b9d4-4320-b616-2245985ef25d', '2443cf32-fbd3-4d54-bb61-f6602c5794ae', '22.14', NULL);
INSERT INTO "weather" ("key", "sensor_id", "celsium", "date") VALUES ('f594a53c-cd95-4f0a-8742-4878f3f926fd', '2443cf32-fbd3-4d54-bb61-f6602c5794ae', '22.11', NULL);
INSERT INTO "weather" ("key", "sensor_id", "celsium", "date") VALUES ('30045cc4-f5fd-48d0-a134-96dfd44b888d', '2443cf32-fbd3-4d54-bb61-f6602c5794ae', '22.11', NULL);
INSERT INTO "weather" ("key", "sensor_id", "celsium", "date") VALUES ('c3c47b6e-4155-4542-b4d5-458873e5678c', '2443cf32-fbd3-4d54-bb61-f6602c5794ae', '22.09', NULL);
INSERT INTO "weather" ("key", "sensor_id", "celsium", "date") VALUES ('55342356-9fee-4ee5-9264-1b6bbfeb17a5', '2443cf32-fbd3-4d54-bb61-f6602c5794ae', '22.09', NULL);
INSERT INTO "weather" ("key", "sensor_id", "celsium", "date") VALUES ('4964db4f-cec8-4230-a3fb-1eebc81a086b', '2443cf32-fbd3-4d54-bb61-f6602c5794ae', '22.09', NULL);
INSERT INTO "weather" ("key", "sensor_id", "celsium", "date") VALUES ('652387f3-d07c-4bd7-892a-3725d0a62022', '2443cf32-fbd3-4d54-bb61-f6602c5794ae', '22.06', NULL);
INSERT INTO "weather" ("key", "sensor_id", "celsium", "date") VALUES ('3eeb32db-cae2-416f-a791-57a99fee4d84', '2443cf32-fbd3-4d54-bb61-f6602c5794ae', '22.06', NULL);
INSERT INTO "weather" ("key", "sensor_id", "celsium", "date") VALUES ('0f5c52c1-925e-4c48-9fc5-79bf70117442', '2443cf32-fbd3-4d54-bb61-f6602c5794ae', '22.04', NULL);
INSERT INTO "weather" ("key", "sensor_id", "celsium", "date") VALUES ('3eefd02c-7387-4ab5-aca6-59d25cc6d313', '2443cf32-fbd3-4d54-bb61-f6602c5794ae', '22.04', NULL);
INSERT INTO "weather" ("key", "sensor_id", "celsium", "date") VALUES ('d0e70333-ec8c-4c45-84c1-ea245a3ffb19', '2443cf32-fbd3-4d54-bb61-f6602c5794ae', '22.04', NULL);
INSERT INTO "weather" ("key", "sensor_id", "celsium", "date") VALUES ('ac6726e6-27c1-4320-82a3-05b02ecc9454', '2443cf32-fbd3-4d54-bb61-f6602c5794ae', '22.01', NULL);
INSERT INTO "weather" ("key", "sensor_id", "celsium", "date") VALUES ('eb8b7579-c2b9-4fd4-a314-4510e06c562a', '2443cf32-fbd3-4d54-bb61-f6602c5794ae', '22.01', NULL);
INSERT INTO "weather" ("key", "sensor_id", "celsium", "date") VALUES ('217d3b0f-abf4-4b69-9e98-e93331a0e407', '2443cf32-fbd3-4d54-bb61-f6602c5794ae', '22.01', NULL);
INSERT INTO "weather" ("key", "sensor_id", "celsium", "date") VALUES ('c7e6856d-5a71-4b4d-9c23-ac39ce6d3bd8', '2443cf32-fbd3-4d54-bb61-f6602c5794ae', '21.99', NULL);
INSERT INTO "weather" ("key", "sensor_id", "celsium", "date") VALUES ('6cc1b80d-94aa-45b0-b8df-7dcf838d72d5', '2443cf32-fbd3-4d54-bb61-f6602c5794ae', '21.99', NULL);
INSERT INTO "weather" ("key", "sensor_id", "celsium", "date") VALUES ('06c88dd4-8cbc-4500-b84b-721540574a81', '2443cf32-fbd3-4d54-bb61-f6602c5794ae', '21.99', NULL);
INSERT INTO "weather" ("key", "sensor_id", "celsium", "date") VALUES ('39e58f3a-67b2-4bca-a63d-bca4744992f5', '2443cf32-fbd3-4d54-bb61-f6602c5794ae', '21.96', NULL);
INSERT INTO "weather" ("key", "sensor_id", "celsium", "date") VALUES ('843dc072-5eff-43e6-8f55-d45f38a2e75b', '2443cf32-fbd3-4d54-bb61-f6602c5794ae', '21.96', NULL);
INSERT INTO "weather" ("key", "sensor_id", "celsium", "date") VALUES ('58965df8-911c-4986-adbe-f219012f807f', '2443cf32-fbd3-4d54-bb61-f6602c5794ae', '21.94', NULL);
INSERT INTO "weather" ("key", "sensor_id", "celsium", "date") VALUES ('0152e747-5388-4209-b55b-05adcb5d84d8', '2443cf32-fbd3-4d54-bb61-f6602c5794ae', '21.94', NULL);
INSERT INTO "weather" ("key", "sensor_id", "celsium", "date") VALUES ('c4ddcef7-3ee9-4594-8b56-7f670081e918', '2443cf32-fbd3-4d54-bb61-f6602c5794ae', '21.94', NULL);
INSERT INTO "weather" ("key", "sensor_id", "celsium", "date") VALUES ('6670532b-e1be-4baa-8cd6-762ba9a97104', '2443cf32-fbd3-4d54-bb61-f6602c5794ae', '21.91', NULL);
INSERT INTO "weather" ("key", "sensor_id", "celsium", "date") VALUES ('b3ce976c-d859-4195-b1d5-2cb9028d9ee2', '2443cf32-fbd3-4d54-bb61-f6602c5794ae', '21.91', NULL);
INSERT INTO "weather" ("key", "sensor_id", "celsium", "date") VALUES ('2567172c-0e5a-446d-918a-922efe2b3662', '2443cf32-fbd3-4d54-bb61-f6602c5794ae', '21.89', NULL);
INSERT INTO "weather" ("key", "sensor_id", "celsium", "date") VALUES ('252fb8ab-b0d5-4c2e-b7a8-3bbfc2e626a4', '2443cf32-fbd3-4d54-bb61-f6602c5794ae', '21.89', NULL);
INSERT INTO "weather" ("key", "sensor_id", "celsium", "date") VALUES ('8848e4f8-8f1b-40c4-af64-6f5882852111', '2443cf32-fbd3-4d54-bb61-f6602c5794ae', '21.89', NULL);
INSERT INTO "weather" ("key", "sensor_id", "celsium", "date") VALUES ('3242e45c-97c9-464f-82f0-e7dd80ce9abb', '2443cf32-fbd3-4d54-bb61-f6602c5794ae', '21.86', NULL);
INSERT INTO "weather" ("key", "sensor_id", "celsium", "date") VALUES ('2f1d671e-792b-4fe2-8f1d-77279d77da99', '2443cf32-fbd3-4d54-bb61-f6602c5794ae', '21.86', NULL);
INSERT INTO "weather" ("key", "sensor_id", "celsium", "date") VALUES ('1bce532f-4e0a-4c4e-b6e5-7318c898b552', '2443cf32-fbd3-4d54-bb61-f6602c5794ae', '21.84', NULL);
INSERT INTO "weather" ("key", "sensor_id", "celsium", "date") VALUES ('898bcc54-7a3f-4855-b1fc-0b7011393b76', '2443cf32-fbd3-4d54-bb61-f6602c5794ae', '21.84', NULL);
INSERT INTO "weather" ("key", "sensor_id", "celsium", "date") VALUES ('b2b18ce4-5093-4d17-9c83-819de5b241b6', '2443cf32-fbd3-4d54-bb61-f6602c5794ae', '21.81', NULL);
INSERT INTO "weather" ("key", "sensor_id", "celsium", "date") VALUES ('97b9b185-7d2d-4da8-aa8a-4fee7fefba8f', '2443cf32-fbd3-4d54-bb61-f6602c5794ae', '21.81', NULL);
INSERT INTO "weather" ("key", "sensor_id", "celsium", "date") VALUES ('8a7fe305-cfbe-454f-84ae-f8ec4eed9112', '2443cf32-fbd3-4d54-bb61-f6602c5794ae', '21.81', NULL);
INSERT INTO "weather" ("key", "sensor_id", "celsium", "date") VALUES ('a3d489df-b8f1-4ac0-ad62-7282d81ef449', '2443cf32-fbd3-4d54-bb61-f6602c5794ae', '21.79', NULL);
INSERT INTO "weather" ("key", "sensor_id", "celsium", "date") VALUES ('074b6449-a8f2-4972-a1dd-47ce61fb5040', '2443cf32-fbd3-4d54-bb61-f6602c5794ae', '21.79', NULL);
INSERT INTO "weather" ("key", "sensor_id", "celsium", "date") VALUES ('eaaf59bf-a4d1-4d85-986d-c0352408351c', '2443cf32-fbd3-4d54-bb61-f6602c5794ae', '21.76', NULL);
INSERT INTO "weather" ("key", "sensor_id", "celsium", "date") VALUES ('684545fd-0ddd-465a-9dc2-0bc6ea28ae0e', '2443cf32-fbd3-4d54-bb61-f6602c5794ae', '21.76', NULL);
INSERT INTO "weather" ("key", "sensor_id", "celsium", "date") VALUES ('4e10bfc2-f013-4967-84cc-39ed8f02acd1', '2443cf32-fbd3-4d54-bb61-f6602c5794ae', '21.74', NULL);
INSERT INTO "weather" ("key", "sensor_id", "celsium", "date") VALUES ('b8f37d82-2584-41a9-87f7-04dc4457d6fe', '2443cf32-fbd3-4d54-bb61-f6602c5794ae', '21.74', NULL);
INSERT INTO "weather" ("key", "sensor_id", "celsium", "date") VALUES ('84274c1d-265e-43eb-8ee9-9ab737481eae', '2443cf32-fbd3-4d54-bb61-f6602c5794ae', '21.71', NULL);
INSERT INTO "weather" ("key", "sensor_id", "celsium", "date") VALUES ('3218ef71-7a3e-43f0-93c0-59e1e04218f3', '2443cf32-fbd3-4d54-bb61-f6602c5794ae', '21.71', NULL);
INSERT INTO "weather" ("key", "sensor_id", "celsium", "date") VALUES ('7c970302-f142-492c-94dd-125615d26a89', '2443cf32-fbd3-4d54-bb61-f6602c5794ae', '21.71', NULL);
INSERT INTO "weather" ("key", "sensor_id", "celsium", "date") VALUES ('3a477a19-95c1-4964-865f-301b469ee8c8', '2443cf32-fbd3-4d54-bb61-f6602c5794ae', '21.71', NULL);
INSERT INTO "weather" ("key", "sensor_id", "celsium", "date") VALUES ('94dbcb7e-613d-4aa5-874a-cd775120dbdd', '2443cf32-fbd3-4d54-bb61-f6602c5794ae', '21.69', NULL);
INSERT INTO "weather" ("key", "sensor_id", "celsium", "date") VALUES ('7afa9049-1ad2-451f-8c12-cb7e05cabf52', '2443cf32-fbd3-4d54-bb61-f6602c5794ae', '21.69', NULL);
INSERT INTO "weather" ("key", "sensor_id", "celsium", "date") VALUES ('141aa1c1-6d39-4bae-8762-44e6a6f1b02f', '2443cf32-fbd3-4d54-bb61-f6602c5794ae', '21.69', NULL);
INSERT INTO "weather" ("key", "sensor_id", "celsium", "date") VALUES ('925001b7-4207-441f-90e3-746a79e20de1', '2443cf32-fbd3-4d54-bb61-f6602c5794ae', '21.66', NULL);
INSERT INTO "weather" ("key", "sensor_id", "celsium", "date") VALUES ('a838ea3d-c190-4982-af38-089bf33125ab', '2443cf32-fbd3-4d54-bb61-f6602c5794ae', '21.66', NULL);
INSERT INTO "weather" ("key", "sensor_id", "celsium", "date") VALUES ('0e0827d7-c78c-4d18-8d4e-9e537c0c79c2', '2443cf32-fbd3-4d54-bb61-f6602c5794ae', '21.66', NULL);
INSERT INTO "weather" ("key", "sensor_id", "celsium", "date") VALUES ('74285483-2ed4-4ea6-bb72-e21a8999d57d', '2443cf32-fbd3-4d54-bb61-f6602c5794ae', '21.66', NULL);
INSERT INTO "weather" ("key", "sensor_id", "celsium", "date") VALUES ('2068525e-12c0-4f76-b4c6-52b82001a5d4', '2443cf32-fbd3-4d54-bb61-f6602c5794ae', '21.64', NULL);
INSERT INTO "weather" ("key", "sensor_id", "celsium", "date") VALUES ('6570e083-9d2d-4240-a84a-508b8cdfa815', '2443cf32-fbd3-4d54-bb61-f6602c5794ae', '21.64', NULL);
INSERT INTO "weather" ("key", "sensor_id", "celsium", "date") VALUES ('e1b50144-325c-4f54-954c-3b1e3c64a228', '2443cf32-fbd3-4d54-bb61-f6602c5794ae', '21.61', NULL);
INSERT INTO "weather" ("key", "sensor_id", "celsium", "date") VALUES ('282a6352-97f6-45e6-8f98-4480778a2ef4', '2443cf32-fbd3-4d54-bb61-f6602c5794ae', '21.61', NULL);
INSERT INTO "weather" ("key", "sensor_id", "celsium", "date") VALUES ('9bad466f-09ea-4100-9496-39ad0e08028e', '2443cf32-fbd3-4d54-bb61-f6602c5794ae', '21.61', NULL);
INSERT INTO "weather" ("key", "sensor_id", "celsium", "date") VALUES ('99383b63-8d8a-48e7-99f7-dcc6509b572b', '2443cf32-fbd3-4d54-bb61-f6602c5794ae', '21.59', NULL);
INSERT INTO "weather" ("key", "sensor_id", "celsium", "date") VALUES ('cbe2cdc0-2b63-49ef-a019-671fa67b41d7', '2443cf32-fbd3-4d54-bb61-f6602c5794ae', '21.59', NULL);
INSERT INTO "weather" ("key", "sensor_id", "celsium", "date") VALUES ('e3dbfb99-7b26-40f5-a4c0-94ddc149892d', '2443cf32-fbd3-4d54-bb61-f6602c5794ae', '21.59', NULL);
INSERT INTO "weather" ("key", "sensor_id", "celsium", "date") VALUES ('a6b44a90-e8f2-4955-8ecd-5c1a069dbffc', '2443cf32-fbd3-4d54-bb61-f6602c5794ae', '21.56', NULL);
INSERT INTO "weather" ("key", "sensor_id", "celsium", "date") VALUES ('f34d9418-4900-4ff2-bae5-1861e7ece831', '2443cf32-fbd3-4d54-bb61-f6602c5794ae', '21.56', NULL);
INSERT INTO "weather" ("key", "sensor_id", "celsium", "date") VALUES ('cd4be807-8fc0-4f3d-a406-72aebeaf18aa', '2443cf32-fbd3-4d54-bb61-f6602c5794ae', '21.56', NULL);
INSERT INTO "weather" ("key", "sensor_id", "celsium", "date") VALUES ('ef8ab059-67f0-414e-bec1-acada73f783c', '2443cf32-fbd3-4d54-bb61-f6602c5794ae', '21.56', NULL);
INSERT INTO "weather" ("key", "sensor_id", "celsium", "date") VALUES ('5d819b7b-1325-4092-a529-38020bbdafca', '2443cf32-fbd3-4d54-bb61-f6602c5794ae', '21.54', NULL);
INSERT INTO "weather" ("key", "sensor_id", "celsium", "date") VALUES ('370bd5ff-1819-44f7-b07d-60ffe2808ade', '2443cf32-fbd3-4d54-bb61-f6602c5794ae', '21.54', NULL);
INSERT INTO "weather" ("key", "sensor_id", "celsium", "date") VALUES ('494dd594-64ac-4b32-91e4-4539c59d757d', '2443cf32-fbd3-4d54-bb61-f6602c5794ae', '21.54', NULL);
INSERT INTO "weather" ("key", "sensor_id", "celsium", "date") VALUES ('857e0c34-afc2-420a-933a-60eaf77ef042', '2443cf32-fbd3-4d54-bb61-f6602c5794ae', '21.54', NULL);
INSERT INTO "weather" ("key", "sensor_id", "celsium", "date") VALUES ('bc176c85-256c-46dc-929e-2cd835d92e6e', '2443cf32-fbd3-4d54-bb61-f6602c5794ae', '21.51', NULL);
INSERT INTO "weather" ("key", "sensor_id", "celsium", "date") VALUES ('da94abe7-de9f-4980-8687-820d8d9e9114', '2443cf32-fbd3-4d54-bb61-f6602c5794ae', '21.51', NULL);
INSERT INTO "weather" ("key", "sensor_id", "celsium", "date") VALUES ('830b6b88-7f78-449c-bf90-8ea85b65f4c0', '2443cf32-fbd3-4d54-bb61-f6602c5794ae', '21.51', NULL);
INSERT INTO "weather" ("key", "sensor_id", "celsium", "date") VALUES ('76683633-dca0-4a5e-b739-82399f5fce78', '2443cf32-fbd3-4d54-bb61-f6602c5794ae', '21.51', NULL);
INSERT INTO "weather" ("key", "sensor_id", "celsium", "date") VALUES ('a89bd2c0-9f00-4bfe-a771-36791715c312', '2443cf32-fbd3-4d54-bb61-f6602c5794ae', '21.49', NULL);
INSERT INTO "weather" ("key", "sensor_id", "celsium", "date") VALUES ('d997f788-07bc-475f-9a19-9cc99e024b1d', '2443cf32-fbd3-4d54-bb61-f6602c5794ae', '21.49', NULL);
INSERT INTO "weather" ("key", "sensor_id", "celsium", "date") VALUES ('6160ad7c-a758-48c5-9721-f43896dcc52e', '2443cf32-fbd3-4d54-bb61-f6602c5794ae', '21.49', NULL);
INSERT INTO "weather" ("key", "sensor_id", "celsium", "date") VALUES ('69cf8a87-9533-4e5a-8612-c152781d914e', '2443cf32-fbd3-4d54-bb61-f6602c5794ae', '21.49', NULL);
INSERT INTO "weather" ("key", "sensor_id", "celsium", "date") VALUES ('b33dfda0-2d24-4cae-a419-1eb53e9e56cf', '2443cf32-fbd3-4d54-bb61-f6602c5794ae', '21.49', NULL);


-- Completed on 2017-10-25 23:14:07

--
-- PostgreSQL database dump complete
--

